[
    {
        "page_ptr_id": "123",
        "date": "2016-04-28",
        "body": "www.bam.de",
        "main_image_id": "852",
        "featured": "f",
        "image_carousel": "[]",
        "body_de": "www.bam.de",
        "body_en": "",
        "body_es": "",
        "search_description_de": "",
        "search_description_en": "",
        "search_description_es": "",
        "seo_title_de": "",
        "seo_title_en": "",
        "seo_title_es": "",
        "slug_de": "bundesanstalt-fur-materialforschung-und-prufung",
        "slug_en": "",
        "slug_es": "",
        "title_de": "Bundesanstalt f\u00fcr Materialforschung und -pr\u00fcfung",
        "title_en": "",
        "title_es": "",
        "url_path_de": "/home/bundesanstalt-fur-materialforschung-und-prufung/",
        "url_path_en": "",
        "url_path_es": "",
        "main_image_caption": "",
        "main_image_caption_de": "",
        "main_image_caption_en": "",
        "main_image_caption_es": "",
        "gefoerdert_durch_img_id": "",
        "active": "1",
        "urls": "",
        "filename": "content_kooperation.json",
        "content_kooperation_TO_public.content_event": [
            "162"
        ],
        "content_kooperation_TO_content_projekt": [
            "77"
        ],
        "categories": [
            "30",
            "34",
            "35",
            "29"
        ]
    },
    {
        "page_ptr_id": "1401",
        "date": "2016-07-05",
        "body": "PUC-SP",
        "main_image_id": "879",
        "featured": "f",
        "image_carousel": "[]",
        "body_de": "PUC-SP",
        "body_en": "",
        "body_es": "",
        "search_description_de": "",
        "search_description_en": "",
        "search_description_es": "",
        "seo_title_de": "",
        "seo_title_en": "",
        "seo_title_es": "",
        "slug_de": "universidade-catolica-de-sao-paulo",
        "slug_en": "",
        "slug_es": "",
        "title_de": "Universidade Cat\u00f3lica de S\u00e3o Paulo",
        "title_en": "",
        "title_es": "",
        "url_path_de": "/home/universidade-catolica-de-sao-paulo/",
        "url_path_en": "",
        "url_path_es": "",
        "main_image_caption": "",
        "main_image_caption_de": "",
        "main_image_caption_en": "",
        "main_image_caption_es": "",
        "gefoerdert_durch_img_id": "",
        "active": "1",
        "urls": "http://www.pucsp.br http://www.pucsp.br http://www.pucsp.br http://www.pucsp.br",
        "filename": "content_kooperation.json",
        "content_kooperation_TO_content_nachwuchsfoerderung": [
            "141"
        ],
        "categories": [
            "33",
            "36",
            "28",
            "31"
        ]
    },
    {
        "page_ptr_id": "1397",
        "date": "2016-07-05",
        "body": "http://www5.usp.br",
        "main_image_id": "868",
        "featured": "f",
        "image_carousel": "[]",
        "body_de": "http://www5.usp.br",
        "body_en": "",
        "body_es": "",
        "search_description_de": "",
        "search_description_en": "",
        "search_description_es": "",
        "seo_title_de": "",
        "seo_title_en": "",
        "seo_title_es": "",
        "slug_de": "universidade-de-sao-paulo-usp",
        "slug_en": "",
        "slug_es": "",
        "title_de": "Universidade de Sao Paulo (USP)",
        "title_en": "",
        "title_es": "",
        "url_path_de": "/home/universidade-de-sao-paulo-usp/",
        "url_path_en": "",
        "url_path_es": "",
        "main_image_caption": "",
        "main_image_caption_de": "",
        "main_image_caption_en": "",
        "main_image_caption_es": "",
        "gefoerdert_durch_img_id": "",
        "active": "1",
        "urls": "http://www5.usp.br http://www5.usp.br http://www5.usp.br http://www5.usp.br http://www5.usp.br http://www5.usp.br http://www5.usp.br http://www5.usp.br",
        "filename": "content_kooperation.json",
        "content_kooperation_TO_content_nachwuchsfoerderung": [
            "142"
        ],
        "categories": [
            "36",
            "33",
            "28",
            "31"
        ]
    },
    {
        "page_ptr_id": "1403",
        "date": "2016-07-05",
        "body": "Link zur Webseite",
        "main_image_id": "880",
        "featured": "f",
        "image_carousel": "[]",
        "body_de": "Link zur Webseite",
        "body_en": "",
        "body_es": "",
        "search_description_de": "",
        "search_description_en": "",
        "search_description_es": "",
        "seo_title_de": "",
        "seo_title_en": "",
        "seo_title_es": "",
        "slug_de": "university-queensland",
        "slug_en": "",
        "slug_es": "",
        "title_de": "The University of Queensland",
        "title_en": "",
        "title_es": "",
        "url_path_de": "/home/university-queensland/",
        "url_path_en": "",
        "url_path_es": "",
        "main_image_caption": "",
        "main_image_caption_de": "",
        "main_image_caption_en": "",
        "main_image_caption_es": "",
        "gefoerdert_durch_img_id": "",
        "active": "1",
        "urls": "http://www.uq.edu.au http://www.uq.edu.au http://www.uq.edu.au http://www.uq.edu.au",
        "filename": "content_kooperation.json",
        "content_kooperation_TO_content_nachwuchsfoerderung": [
            "141"
        ],
        "categories": [
            "33",
            "36",
            "28",
            "31"
        ]
    },
    {
        "page_ptr_id": "1422",
        "date": "2016-07-06",
        "body": "",
        "main_image_id": "1099",
        "featured": "f",
        "image_carousel": "[]",
        "body_de": "",
        "body_en": "",
        "body_es": "",
        "search_description_de": "",
        "search_description_en": "",
        "search_description_es": "",
        "seo_title_de": "",
        "seo_title_en": "",
        "seo_title_es": "",
        "slug_de": "bard-graduate-center-new-york-ny",
        "slug_en": "",
        "slug_es": "",
        "title_de": "Bard Graduate Center New York, NY.",
        "title_en": "",
        "title_es": "",
        "url_path_de": "/home/bard-graduate-center-new-york-ny/",
        "url_path_en": "",
        "url_path_es": "",
        "main_image_caption": "",
        "main_image_caption_de": "",
        "main_image_caption_en": "",
        "main_image_caption_es": "",
        "gefoerdert_durch_img_id": "",
        "active": "1",
        "urls": "",
        "filename": "content_kooperation.json",
        "content_kooperation_TO_content_projekt": [
            "166"
        ],
        "categories": [
            "31"
        ]
    },
    {
        "page_ptr_id": "692",
        "date": "2016-05-31",
        "body": "www.iris-adlershof.de ",
        "main_image_id": "709",
        "featured": "f",
        "image_carousel": "[]",
        "body_de": "www.iris-adlershof.de ",
        "body_en": "",
        "body_es": "",
        "search_description_de": "",
        "search_description_en": "",
        "search_description_es": "",
        "seo_title_de": "",
        "seo_title_en": "",
        "seo_title_es": "",
        "slug_de": "iris-adlershof",
        "slug_en": "",
        "slug_es": "",
        "title_de": "Iris Adlershof",
        "title_en": "",
        "title_es": "",
        "url_path_de": "/home/iris-adlershof/",
        "url_path_en": "",
        "url_path_es": "",
        "main_image_caption": "",
        "main_image_caption_de": "",
        "main_image_caption_en": "",
        "main_image_caption_es": "",
        "gefoerdert_durch_img_id": "",
        "active": "1",
        "urls": "",
        "filename": "content_kooperation.json",
        "categories": [
            "35",
            "28",
            "30",
            "33"
        ]
    },
    {
        "page_ptr_id": "1421",
        "date": "2016-07-06",
        "body": "",
        "main_image_id": "1112",
        "featured": "f",
        "image_carousel": "[]",
        "body_de": "",
        "body_en": "",
        "body_es": "",
        "search_description_de": "",
        "search_description_en": "",
        "search_description_es": "",
        "seo_title_de": "",
        "seo_title_en": "",
        "seo_title_es": "",
        "slug_de": "graduiertenkolleg-das-fotografische-dispositiv-braunschweig",
        "slug_en": "",
        "slug_es": "",
        "title_de": "Graduiertenkolleg \u00bbDas fotografische Dispositiv\u00ab, Braunschweig",
        "title_en": "",
        "title_es": "",
        "url_path_de": "/home/graduiertenkolleg-das-fotografische-dispositiv-braunschweig/",
        "url_path_en": "",
        "url_path_es": "",
        "main_image_caption": "",
        "main_image_caption_de": "",
        "main_image_caption_en": "",
        "main_image_caption_es": "",
        "gefoerdert_durch_img_id": "",
        "active": "1",
        "urls": "",
        "filename": "content_kooperation.json",
        "content_kooperation_TO_content_projekt": [
            "166"
        ],
        "categories": [
            "29",
            "30"
        ]
    },
    {
        "page_ptr_id": "194",
        "date": "2016-05-09",
        "body": "",
        "main_image_id": "857",
        "featured": "f",
        "image_carousel": "[]",
        "body_de": "",
        "body_en": "",
        "body_es": "",
        "search_description_de": "",
        "search_description_en": "",
        "search_description_es": "",
        "seo_title_de": "",
        "seo_title_en": "",
        "seo_title_es": "",
        "slug_de": "kunstuniversitat-linz",
        "slug_en": "",
        "slug_es": "",
        "title_de": "Kunstuniversit\u00e4t Linz",
        "title_en": "",
        "title_es": "",
        "url_path_de": "/home/kunstuniversitat-linz/",
        "url_path_en": "",
        "url_path_es": "",
        "main_image_caption": "",
        "main_image_caption_de": "",
        "main_image_caption_en": "",
        "main_image_caption_es": "",
        "gefoerdert_durch_img_id": "",
        "active": "1",
        "urls": "",
        "filename": "content_kooperation.json",
        "content_kooperation_TO_public.content_event": [
            "191"
        ],
        "categories": [
            "31",
            "33",
            "36",
            "28"
        ]
    },
    {
        "page_ptr_id": "1423",
        "date": "2016-07-06",
        "body": "",
        "main_image_id": "1113",
        "featured": "f",
        "image_carousel": "[]",
        "body_de": "",
        "body_en": "",
        "body_es": "",
        "search_description_de": "",
        "search_description_en": "",
        "search_description_es": "",
        "seo_title_de": "",
        "seo_title_en": "",
        "seo_title_es": "",
        "slug_de": "graduiertenkolleg-sichtbarkeit-und-sichtbarmachung-hybride-formen-des-bildwissens",
        "slug_en": "",
        "slug_es": "",
        "title_de": "Graduiertenkolleg \u00bbSichtbarkeit und Sichtbarmachung | Hybride Formen des Bildwissens\u00ab",
        "title_en": "",
        "title_es": "",
        "url_path_de": "/home/graduiertenkolleg-sichtbarkeit-und-sichtbarmachung-hybride-formen-des-bildwissens/",
        "url_path_en": "",
        "url_path_es": "",
        "main_image_caption": "",
        "main_image_caption_de": "",
        "main_image_caption_en": "",
        "main_image_caption_es": "",
        "gefoerdert_durch_img_id": "",
        "active": "1",
        "urls": "",
        "filename": "content_kooperation.json",
        "content_kooperation_TO_content_projekt": [
            "166"
        ],
        "categories": [
            "30",
            "29"
        ]
    },
    {
        "page_ptr_id": "685",
        "date": "2016-05-30",
        "body": "www.hfbk-dresden.de ",
        "main_image_id": "705",
        "featured": "f",
        "image_carousel": "[]",
        "body_de": "www.hfbk-dresden.de ",
        "body_en": "",
        "body_es": "",
        "search_description_de": "",
        "search_description_en": "",
        "search_description_es": "",
        "seo_title_de": "",
        "seo_title_en": "",
        "seo_title_es": "",
        "slug_de": "hochschule-der-kunste-dresden",
        "slug_en": "",
        "slug_es": "",
        "title_de": "Hochschule der K\u00fcnste Dresden",
        "title_en": "",
        "title_es": "",
        "url_path_de": "/home/hochschule-der-kunste-dresden/",
        "url_path_en": "",
        "url_path_es": "",
        "main_image_caption": "",
        "main_image_caption_de": "",
        "main_image_caption_en": "",
        "main_image_caption_es": "",
        "gefoerdert_durch_img_id": "",
        "active": "1",
        "urls": "",
        "filename": "content_kooperation.json",
        "categories": [
            "33",
            "35",
            "28",
            "30"
        ]
    },
    {
        "page_ptr_id": "1398",
        "date": "2016-07-05",
        "body": "Zur Webseite",
        "main_image_id": "874",
        "featured": "f",
        "image_carousel": "[]",
        "body_de": "Zur Webseite",
        "body_en": "",
        "body_es": "",
        "search_description_de": "",
        "search_description_en": "",
        "search_description_es": "",
        "seo_title_de": "",
        "seo_title_en": "",
        "seo_title_es": "",
        "slug_de": "centre-research-architectural-design-road-university-queensland",
        "slug_en": "",
        "slug_es": "",
        "title_de": "Centre for research on Architectural Design (ROAD), University of Queensland",
        "title_en": "",
        "title_es": "",
        "url_path_de": "/home/centre-research-architectural-design-road-university-queensland/",
        "url_path_en": "",
        "url_path_es": "",
        "main_image_caption": "",
        "main_image_caption_de": "",
        "main_image_caption_en": "",
        "main_image_caption_es": "",
        "gefoerdert_durch_img_id": "",
        "active": "1",
        "urls": "http://www.architecture.uq.edu.au http://www.architecture.uq.edu.au http://www.architecture.uq.edu.au http://www.architecture.uq.edu.au",
        "filename": "content_kooperation.json",
        "content_kooperation_TO_content_nachwuchsfoerderung": [
            "142"
        ],
        "categories": [
            "31",
            "28",
            "33",
            "36"
        ]
    },
    {
        "page_ptr_id": "192",
        "date": "2016-05-09",
        "body": "www.medunigraz.at",
        "main_image_id": "106",
        "featured": "f",
        "image_carousel": "[]",
        "body_de": "www.medunigraz.at",
        "body_en": "",
        "body_es": "",
        "search_description_de": "",
        "search_description_en": "",
        "search_description_es": "",
        "seo_title_de": "",
        "seo_title_en": "",
        "seo_title_es": "",
        "slug_de": "medizinische-universitat-graz-abteilung-fur-neuroradiologie",
        "slug_en": "",
        "slug_es": "",
        "title_de": "Medizinische Universit\u00e4t Graz (Abteilung f\u00fcr Neuroradiologie)",
        "title_en": "",
        "title_es": "",
        "url_path_de": "/home/medizinische-universitat-graz-abteilung-fur-neuroradiologie/",
        "url_path_en": "",
        "url_path_es": "",
        "main_image_caption": "",
        "main_image_caption_de": "",
        "main_image_caption_en": "",
        "main_image_caption_es": "",
        "gefoerdert_durch_img_id": "",
        "active": "1",
        "urls": "http://www.medunigraz.at http://www.medunigraz.at http://www.medunigraz.at http://www.medunigraz.at",
        "filename": "content_kooperation.json",
        "content_kooperation_TO_public.content_event": [
            "191"
        ],
        "categories": [
            "33",
            "28",
            "36",
            "31"
        ]
    },
    {
        "page_ptr_id": "121",
        "date": "2016-04-28",
        "body": "www.udk-berlin.deFakult\u00e4t Gestaltung: Produkt- und ProzessdesignFakult\u00e4t Musik: Sound Studies ",
        "main_image_id": "855",
        "featured": "f",
        "image_carousel": "[]",
        "body_de": "www.udk-berlin.deFakult\u00e4t Gestaltung: Produkt- und ProzessdesignFakult\u00e4t Musik: Sound Studies ",
        "body_en": "",
        "body_es": "",
        "search_description_de": "",
        "search_description_en": "",
        "search_description_es": "",
        "seo_title_de": "",
        "seo_title_en": "",
        "seo_title_es": "",
        "slug_de": "universitat-der-kunste",
        "slug_en": "",
        "slug_es": "",
        "title_de": "Universit\u00e4t der K\u00fcnste",
        "title_en": "",
        "title_es": "",
        "url_path_de": "/home/universitat-der-kunste/",
        "url_path_en": "",
        "url_path_es": "",
        "main_image_caption": "",
        "main_image_caption_de": "",
        "main_image_caption_en": "",
        "main_image_caption_es": "",
        "gefoerdert_durch_img_id": "",
        "active": "1",
        "urls": "http://www.udk-berlin.de/ http://www.udk-berlin.de/ http://www.udk-berlin.de/ http://www.udk-berlin.de/",
        "filename": "content_kooperation.json",
        "categories": [
            "33",
            "35",
            "28",
            "30"
        ]
    },
    {
        "page_ptr_id": "124",
        "date": "2016-04-28",
        "body": "www.dhmd.de",
        "main_image_id": "856",
        "featured": "f",
        "image_carousel": "[]",
        "body_de": "www.dhmd.de",
        "body_en": "",
        "body_es": "",
        "search_description_de": "",
        "search_description_en": "",
        "search_description_es": "",
        "seo_title_de": "",
        "seo_title_en": "",
        "seo_title_es": "",
        "slug_de": "deutsches-hygiene-museum",
        "slug_en": "",
        "slug_es": "",
        "title_de": "Deutsches Hygiene-Museum",
        "title_en": "",
        "title_es": "",
        "url_path_de": "/home/deutsches-hygiene-museum/",
        "url_path_en": "",
        "url_path_es": "",
        "main_image_caption": "",
        "main_image_caption_de": "",
        "main_image_caption_en": "",
        "main_image_caption_es": "",
        "gefoerdert_durch_img_id": "",
        "active": "1",
        "urls": "http://www.dhmd.de/ http://www.dhmd.de/ http://www.dhmd.de/ http://www.dhmd.de/",
        "filename": "content_kooperation.json",
        "content_kooperation_TO_public.content_event": [
            "164"
        ],
        "categories": [
            "34",
            "29",
            "35",
            "30"
        ]
    },
    {
        "page_ptr_id": "1404",
        "date": "2016-07-05",
        "body": "The Getty",
        "main_image_id": "881",
        "featured": "f",
        "image_carousel": "[]",
        "body_de": "The Getty",
        "body_en": "",
        "body_es": "",
        "search_description_de": "",
        "search_description_en": "",
        "search_description_es": "",
        "seo_title_de": "",
        "seo_title_en": "",
        "seo_title_es": "",
        "slug_de": "getty-grant-program",
        "slug_en": "",
        "slug_es": "",
        "title_de": "The Getty Grant Program",
        "title_en": "",
        "title_es": "",
        "url_path_de": "/home/getty-grant-program/",
        "url_path_en": "",
        "url_path_es": "",
        "main_image_caption": "",
        "main_image_caption_de": "",
        "main_image_caption_en": "",
        "main_image_caption_es": "",
        "gefoerdert_durch_img_id": "",
        "active": "1",
        "urls": "http://www.getty.edu http://www.getty.edu http://www.getty.edu http://www.getty.edu",
        "filename": "content_kooperation.json",
        "content_kooperation_TO_content_projekt": [
            "166"
        ],
        "categories": [
            "31",
            "36"
        ]
    },
    {
        "page_ptr_id": "686",
        "date": "2016-05-30",
        "body": "www.iai.spk-berlin.de",
        "main_image_id": "711",
        "featured": "f",
        "image_carousel": "[]",
        "body_de": "www.iai.spk-berlin.de",
        "body_en": "",
        "body_es": "",
        "search_description_de": "",
        "search_description_en": "",
        "search_description_es": "",
        "seo_title_de": "",
        "seo_title_en": "",
        "seo_title_es": "",
        "slug_de": "iberoamerikanisches-institut",
        "slug_en": "",
        "slug_es": "",
        "title_de": "Iberoamerikanisches Institut",
        "title_en": "",
        "title_es": "",
        "url_path_de": "/home/iberoamerikanisches-institut/",
        "url_path_en": "",
        "url_path_es": "",
        "main_image_caption": "",
        "main_image_caption_de": "",
        "main_image_caption_en": "",
        "main_image_caption_es": "",
        "gefoerdert_durch_img_id": "",
        "active": "1",
        "urls": "",
        "filename": "content_kooperation.json",
        "content_kooperation_TO_content_projekt": [
            "71"
        ],
        "categories": [
            "34",
            "35",
            "29",
            "30"
        ]
    },
    {
        "page_ptr_id": "111",
        "date": "2016-04-27",
        "body": "www.fu-berlin.de ",
        "main_image_id": "76",
        "featured": "f",
        "image_carousel": "[]",
        "body_de": "www.fu-berlin.de ",
        "body_en": "",
        "body_es": "",
        "search_description_de": "",
        "search_description_en": "",
        "search_description_es": "",
        "seo_title_de": "",
        "seo_title_en": "",
        "seo_title_es": "",
        "slug_de": "freie-universitat-berlin",
        "slug_en": "",
        "slug_es": "",
        "title_de": "Freie Universit\u00e4t Berlin",
        "title_en": "",
        "title_es": "",
        "url_path_de": "/home/freie-universitat-berlin/",
        "url_path_en": "",
        "url_path_es": "",
        "main_image_caption": "",
        "main_image_caption_de": "",
        "main_image_caption_en": "",
        "main_image_caption_es": "",
        "gefoerdert_durch_img_id": "",
        "active": "1",
        "urls": "http://www.fu-berlin.de http://www.fu-berlin.de http://www.fu-berlin.de http://www.fu-berlin.de",
        "filename": "content_kooperation.json",
        "content_kooperation_TO_content_projekt": [
            "49",
            "49",
            "70",
            "60"
        ],
        "content_kooperation_TO_content_pressemitteilung": [
            "52"
        ],
        "content_kooperation_TO_content_podcast": [
            "30"
        ],
        "content_kooperation_TO_public.content_event": [
            "88",
            "1226",
            "1216",
            "1229",
            "1230",
            "1239",
            "1234",
            "1241",
            "1257",
            "1257",
            "1245",
            "1256",
            "1259",
            "1249",
            "1252",
            "1261",
            "1227"
        ],
        "categories": [
            "33",
            "30",
            "35",
            "28"
        ]
    },
    {
        "page_ptr_id": "1406",
        "date": "2016-07-05",
        "body": "Eikones",
        "main_image_id": "889",
        "featured": "f",
        "image_carousel": "[]",
        "body_de": "Eikones",
        "body_en": "",
        "body_es": "",
        "search_description_de": "",
        "search_description_en": "",
        "search_description_es": "",
        "seo_title_de": "",
        "seo_title_en": "",
        "seo_title_es": "",
        "slug_de": "universitat-basel-nationaler-forschungsschwerpunkt-bildkritik-macht-und-bedeutung-der-bilder",
        "slug_en": "",
        "slug_es": "",
        "title_de": "Universit\u00e4t Basel, Nationaler Forschungsschwerpunkt Bildkritik - Macht und Bedeutung der Bilder",
        "title_en": "",
        "title_es": "",
        "url_path_de": "/home/universitat-basel-nationaler-forschungsschwerpunkt-bildkritik-macht-und-bedeutung-der-bilder/",
        "url_path_en": "",
        "url_path_es": "",
        "main_image_caption": "",
        "main_image_caption_de": "",
        "main_image_caption_en": "",
        "main_image_caption_es": "",
        "gefoerdert_durch_img_id": "",
        "active": "1",
        "urls": "https://eikones.ch https://eikones.ch https://eikones.ch https://eikones.ch",
        "filename": "content_kooperation.json",
        "content_kooperation_TO_content_projekt": [
            "166"
        ],
        "categories": [
            "28",
            "36",
            "31",
            "33"
        ]
    },
    {
        "page_ptr_id": "136",
        "date": "2016-04-29",
        "body": "www.bauhaus-dessau.de",
        "main_image_id": "89",
        "featured": "f",
        "image_carousel": "[]",
        "body_de": "www.bauhaus-dessau.de",
        "body_en": "",
        "body_es": "",
        "search_description_de": "",
        "search_description_en": "",
        "search_description_es": "",
        "seo_title_de": "",
        "seo_title_en": "",
        "seo_title_es": "",
        "slug_de": "stiftung-bauhaus-dessau",
        "slug_en": "",
        "slug_es": "",
        "title_de": "Stiftung Bauhaus Dessau",
        "title_en": "",
        "title_es": "",
        "url_path_de": "/home/stiftung-bauhaus-dessau/",
        "url_path_en": "",
        "url_path_es": "",
        "main_image_caption": "",
        "main_image_caption_de": "",
        "main_image_caption_en": "",
        "main_image_caption_es": "",
        "gefoerdert_durch_img_id": "",
        "active": "1",
        "urls": "",
        "filename": "content_kooperation.json",
        "content_kooperation_TO_content_nachwuchsfoerderung": [
            "1354"
        ],
        "categories": [
            "34",
            "35",
            "29",
            "30"
        ]
    },
    {
        "page_ptr_id": "193",
        "date": "2016-05-09",
        "body": "Institut f\u00fcr Psychologie",
        "main_image_id": "107",
        "featured": "f",
        "image_carousel": "[]",
        "body_de": "Institut f\u00fcr Psychologie",
        "body_en": "www.uni-graz.at/de ",
        "body_es": "",
        "search_description_de": "",
        "search_description_en": "",
        "search_description_es": "",
        "seo_title_de": "",
        "seo_title_en": "",
        "seo_title_es": "",
        "slug_de": "karl-franzens-universitat-graz",
        "slug_en": "",
        "slug_es": "",
        "title_de": "Karl-Franzens-Universit\u00e4t Graz",
        "title_en": "",
        "title_es": "",
        "url_path_de": "/home/karl-franzens-universitat-graz/",
        "url_path_en": "",
        "url_path_es": "",
        "main_image_caption": "",
        "main_image_caption_de": "",
        "main_image_caption_en": "",
        "main_image_caption_es": "",
        "gefoerdert_durch_img_id": "",
        "active": "1",
        "urls": "",
        "filename": "content_kooperation.json",
        "content_kooperation_TO_public.content_event": [
            "191"
        ],
        "categories": [
            "33",
            "28",
            "36",
            "31"
        ]
    },
    {
        "page_ptr_id": "122",
        "date": "2016-04-28",
        "body": "www.kh-berlin.de  Produktdesign",
        "main_image_id": "853",
        "featured": "f",
        "image_carousel": "[]",
        "body_de": "www.kh-berlin.de  Produktdesign",
        "body_en": "",
        "body_es": "",
        "search_description_de": "",
        "search_description_en": "",
        "search_description_es": "",
        "seo_title_de": "",
        "seo_title_en": "",
        "seo_title_es": "",
        "slug_de": "weissensee-kunsthochschule-berlin",
        "slug_en": "",
        "slug_es": "",
        "title_de": "Wei\u00dfensee Kunsthochschule Berlin",
        "title_en": "",
        "title_es": "",
        "url_path_de": "/home/weissensee-kunsthochschule-berlin/",
        "url_path_en": "",
        "url_path_es": "",
        "main_image_caption": "",
        "main_image_caption_de": "",
        "main_image_caption_en": "",
        "main_image_caption_es": "",
        "gefoerdert_durch_img_id": "",
        "active": "1",
        "urls": "http://www.kh-berlin.de http://www.kh-berlin.de http://www.kh-berlin.de http://www.kh-berlin.de",
        "filename": "content_kooperation.json",
        "content_kooperation_TO_content_projekt": [
            "67",
            "72",
            "65",
            "60",
            "63",
            "1177",
            "64",
            "77"
        ],
        "categories": [
            "35",
            "28",
            "33",
            "30"
        ]
    },
    {
        "page_ptr_id": "189",
        "date": "2016-05-09",
        "body": "www.zzf-pdm.de",
        "main_image_id": "103",
        "featured": "f",
        "image_carousel": "[]",
        "body_de": "www.zzf-pdm.de",
        "body_en": "",
        "body_es": "",
        "search_description_de": "",
        "search_description_en": "",
        "search_description_es": "",
        "seo_title_de": "",
        "seo_title_en": "",
        "seo_title_es": "",
        "slug_de": "zentrum-fur-zeithistorische-forschung-zzf",
        "slug_en": "",
        "slug_es": "",
        "title_de": "Zentrum f\u00fcr Zeithistorische Forschung (ZZF)",
        "title_en": "",
        "title_es": "",
        "url_path_de": "/home/zentrum-fur-zeithistorische-forschung-zzf/",
        "url_path_en": "",
        "url_path_es": "",
        "main_image_caption": "",
        "main_image_caption_de": "",
        "main_image_caption_en": "",
        "main_image_caption_es": "",
        "gefoerdert_durch_img_id": "",
        "active": "1",
        "urls": "",
        "filename": "content_kooperation.json",
        "content_kooperation_TO_public.content_event": [
            "188"
        ],
        "categories": [
            "34",
            "29",
            "35",
            "29",
            "30"
        ]
    },
    {
        "page_ptr_id": "687",
        "date": "2016-05-30",
        "body": "www.charite.de",
        "main_image_id": "749",
        "featured": "f",
        "image_carousel": "[]",
        "body_de": "www.charite.de",
        "body_en": "",
        "body_es": "",
        "search_description_de": "",
        "search_description_en": "",
        "search_description_es": "",
        "seo_title_de": "",
        "seo_title_en": "",
        "seo_title_es": "",
        "slug_de": "charite",
        "slug_en": "",
        "slug_es": "",
        "title_de": "Charit\u00e9",
        "title_en": "",
        "title_es": "",
        "url_path_de": "/home/charite/",
        "url_path_en": "",
        "url_path_es": "",
        "main_image_caption": "",
        "main_image_caption_de": "",
        "main_image_caption_en": "",
        "main_image_caption_es": "",
        "gefoerdert_durch_img_id": "",
        "active": "1",
        "urls": "http://www.charite.de http://www.charite.de http://www.charite.de http://www.charite.de",
        "filename": "content_kooperation.json",
        "content_kooperation_TO_content_projekt": [
            "18"
        ],
        "categories": [
            "35",
            "30",
            "33",
            "28"
        ]
    },
    {
        "page_ptr_id": "138",
        "date": "2016-04-29",
        "body": "www.zfl-berlin.org",
        "main_image_id": "95",
        "featured": "f",
        "image_carousel": "[]",
        "body_de": "www.zfl-berlin.org",
        "body_en": "",
        "body_es": "",
        "search_description_de": "",
        "search_description_en": "",
        "search_description_es": "",
        "seo_title_de": "",
        "seo_title_en": "",
        "seo_title_es": "",
        "slug_de": "zentrum-fur-literatur-und-kulturforschung",
        "slug_en": "",
        "slug_es": "",
        "title_de": "Zentrum f\u00fcr Literatur- und Kulturforschung",
        "title_en": "",
        "title_es": "",
        "url_path_de": "/home/zentrum-fur-literatur-und-kulturforschung/",
        "url_path_en": "",
        "url_path_es": "",
        "main_image_caption": "",
        "main_image_caption_de": "",
        "main_image_caption_en": "",
        "main_image_caption_es": "",
        "gefoerdert_durch_img_id": "",
        "active": "1",
        "urls": "",
        "filename": "content_kooperation.json",
        "content_kooperation_TO_public.content_event": [
            "197",
            "1241",
            "1245",
            "1227",
            "1239",
            "1229",
            "1230",
            "1226",
            "1234",
            "1259",
            "1252",
            "1249",
            "1256",
            "1261"
        ],
        "content_kooperation_TO_content_projekt": [
            "19"
        ],
        "categories": [
            "34",
            "35",
            "29",
            "30"
        ]
    },
    {
        "page_ptr_id": "133",
        "date": "2016-04-29",
        "body": "www.mpiwg-berlin.mpg.de",
        "main_image_id": "94",
        "featured": "f",
        "image_carousel": "[]",
        "body_de": "www.mpiwg-berlin.mpg.de",
        "body_en": "",
        "body_es": "",
        "search_description_de": "",
        "search_description_en": "",
        "search_description_es": "",
        "seo_title_de": "",
        "seo_title_en": "",
        "seo_title_es": "",
        "slug_de": "max-planck-institut-fur-wissenschaftsgeschichte",
        "slug_en": "",
        "slug_es": "",
        "title_de": "Max-Planck-Institut f\u00fcr Wissenschaftsgeschichte",
        "title_en": "",
        "title_es": "",
        "url_path_de": "/home/max-planck-institut-fur-wissenschaftsgeschichte/",
        "url_path_en": "",
        "url_path_es": "",
        "main_image_caption": "",
        "main_image_caption_de": "",
        "main_image_caption_en": "",
        "main_image_caption_es": "",
        "gefoerdert_durch_img_id": "",
        "active": "1",
        "urls": "http://www.mpiwg-berlin.mpg.de/ http://www.mpiwg-berlin.mpg.de/ http://www.mpiwg-berlin.mpg.de/ http://www.mpiwg-berlin.mpg.de/",
        "filename": "content_kooperation.json",
        "content_kooperation_TO_content_projekt": [
            "67"
        ],
        "content_kooperation_TO_public.content_event": [
            "1229",
            "1230",
            "1226",
            "1239",
            "1234",
            "1241",
            "1257",
            "1256",
            "1245",
            "1259",
            "1252",
            "1249",
            "1261",
            "1227"
        ],
        "categories": [
            "34",
            "35",
            "29",
            "30"
        ]
    },
    {
        "page_ptr_id": "135",
        "date": "2016-04-29",
        "body": "www.naturkundemuseum-berlin.de",
        "main_image_id": "85",
        "featured": "f",
        "image_carousel": "[]",
        "body_de": "www.naturkundemuseum-berlin.de",
        "body_en": "",
        "body_es": "",
        "search_description_de": "",
        "search_description_en": "",
        "search_description_es": "",
        "seo_title_de": "",
        "seo_title_en": "",
        "seo_title_es": "",
        "slug_de": "museum-fur-naturkunde-leibniz-institut-fur-evolutions-und-biodiversitatsforschung",
        "slug_en": "",
        "slug_es": "",
        "title_de": "Museum f\u00fcr Naturkunde \u2013 Leibniz-Institut f\u00fcr Evolutions- und Biodiversit\u00e4tsforschung",
        "title_en": "",
        "title_es": "",
        "url_path_de": "/home/museum-fur-naturkunde-leibniz-institut-fur-evolutions-und-biodiversitatsforschung/",
        "url_path_en": "",
        "url_path_es": "",
        "main_image_caption": "",
        "main_image_caption_de": "",
        "main_image_caption_en": "",
        "main_image_caption_es": "",
        "gefoerdert_durch_img_id": "",
        "active": "1",
        "urls": "http://www.naturkundemuseum-berlin.de http://www.naturkundemuseum-berlin.de http://www.naturkundemuseum-berlin.de http://www.naturkundemuseum-berlin.de",
        "filename": "content_kooperation.json",
        "content_kooperation_TO_public.content_event": [
            "187",
            "95"
        ],
        "content_kooperation_TO_content_projekt": [
            "71",
            "70"
        ],
        "categories": [
            "34",
            "35",
            "29",
            "30"
        ]
    },
    {
        "page_ptr_id": "137",
        "date": "2016-04-29",
        "body": "Ibero-Amerikanisches Institut,Kunstbibliothek, Staatliche Museen zu BerlinKunstgewerbemuseum, Staatliche Museen zu Berlinwww.hv.spk-berlin.de",
        "main_image_id": "99",
        "featured": "f",
        "image_carousel": "[]",
        "body_de": "Ibero-Amerikanisches Institut,Kunstbibliothek, Staatliche Museen zu BerlinKunstgewerbemuseum, Staatliche Museen zu Berlinwww.hv.spk-berlin.de",
        "body_en": "",
        "body_es": "",
        "search_description_de": "",
        "search_description_en": "",
        "search_description_es": "",
        "seo_title_de": "",
        "seo_title_en": "",
        "seo_title_es": "",
        "slug_de": "stiftung-preussischer-kulturbesitz",
        "slug_en": "",
        "slug_es": "",
        "title_de": "Stiftung Preu\u00dfischer Kulturbesitz",
        "title_en": "",
        "title_es": "",
        "url_path_de": "/home/stiftung-preussischer-kulturbesitz/",
        "url_path_en": "",
        "url_path_es": "",
        "main_image_caption": "",
        "main_image_caption_de": "",
        "main_image_caption_en": "",
        "main_image_caption_es": "",
        "gefoerdert_durch_img_id": "",
        "active": "1",
        "urls": "http://www.hv.spk-berlin.de/ http://www.hv.spk-berlin.de/ http://www.hv.spk-berlin.de/ http://www.hv.spk-berlin.de/",
        "filename": "content_kooperation.json",
        "categories": [
            "34",
            "35",
            "29",
            "30"
        ]
    },
    {
        "page_ptr_id": "2442",
        "date": "2016-09-07",
        "body": "Die Internationale Gesellschaft f\u00fcr Modellforschung unterst\u00fctzt die Vernetzung von Forschenden und Institutionen, deren genuines Interesse auf die Beobachtung, Reflexion und Kontextualisierung von Modellen und Modellbildungsverfahren gerichtet ist. Die Gesellschaft will einen Beitrag dazu leisten, die verschiede\u00adnen, vielfach unverbundenen Projekte, Fragestellungen und Interessen gegenw\u00e4rti\u00adger Modellbildung und der Modellgeschichte als Aspekte einer allgemeineren \u201aKultur\u00adtechnik Modell\u2018 zu diskutieren und auf diesem Weg ein neues Forschungsfeld zu etablie\u00adren. Die Gesellschaft fungiert als Forum, auf dem die weitgreifenden kultur-, wissenschafts- und kunstgeschichtli\u00adchen Dimensionen der Modelle und ihre Einfl\u00fcsse auf das Denken und Handeln und auf das Sosein der Gegenwart offengelegt werden sollen.Die Gesellschaft f\u00fcr Modellforschung geht auf eine Initiative des 2015 verstorbenen Berliner Informatikers und Kulturphilosophen Bernd Mahr zur\u00fcck. Ihre Mitglieder kommen aus natur-, geistes-, und technikwissenschaftlichen sowie aus k\u00fcnstlerischen und entwerferischen Disziplinen. Die Mitgliedschaft erfolgt auf Einladung. Die Gesellschaft ist als Teil des Interdisziplin\u00e4ren Labors Bild Wissen Gestaltung am Helmholtz-Zentrum f\u00fcr Kulturtechnik angesiedelt.Pr\u00e4sident: Prof. Dr. Hans-J\u00f6rg RheinbergerVorstand: Dr. Robert Matthias Erdbeer, Dr. Reinhard WendlerKontakt: Soraya Kaiser: gfmf.bwg@hu-berlin.deAbbildung: Smith, Bradley. Composite photograph of Francis Crick lecturing, Photographic Print, ca. 1979, Rechteinhaber unbekannt.Quelle: https://profiles.nlm.nih.gov/ps/retrieve/narrative/sc/p-visuals/true",
        "main_image_id": "1214",
        "featured": "f",
        "image_carousel": "[]",
        "body_de": "Die Internationale Gesellschaft f\u00fcr Modellforschung unterst\u00fctzt die Vernetzung von Forschenden und Institutionen, deren genuines Interesse auf die Beobachtung, Reflexion und Kontextualisierung von Modellen und Modellbildungsverfahren gerichtet ist. Die Gesellschaft will einen Beitrag dazu leisten, die verschiede\u00adnen, vielfach unverbundenen Projekte, Fragestellungen und Interessen gegenw\u00e4rti\u00adger Modellbildung und der Modellgeschichte als Aspekte einer allgemeineren \u201aKultur\u00adtechnik Modell\u2018 zu diskutieren und auf diesem Weg ein neues Forschungsfeld zu etablie\u00adren. Die Gesellschaft fungiert als Forum, auf dem die weitgreifenden kultur-, wissenschafts- und kunstgeschichtli\u00adchen Dimensionen der Modelle und ihre Einfl\u00fcsse auf das Denken und Handeln und auf das Sosein der Gegenwart offengelegt werden sollen.Die Gesellschaft f\u00fcr Modellforschung geht auf eine Initiative des 2015 verstorbenen Berliner Informatikers und Kulturphilosophen Bernd Mahr zur\u00fcck. Ihre Mitglieder kommen aus natur-, geistes-, und technikwissenschaftlichen sowie aus k\u00fcnstlerischen und entwerferischen Disziplinen. Die Mitgliedschaft erfolgt auf Einladung. Die Gesellschaft ist als Teil des Interdisziplin\u00e4ren Labors Bild Wissen Gestaltung am Helmholtz-Zentrum f\u00fcr Kulturtechnik angesiedelt.Pr\u00e4sident: Prof. Dr. Hans-J\u00f6rg RheinbergerVorstand: Dr. Robert Matthias Erdbeer, Dr. Reinhard WendlerKontakt: Soraya Kaiser: gfmf.bwg@hu-berlin.deAbbildung: Smith, Bradley. Composite photograph of Francis Crick lecturing, Photographic Print, ca. 1979, Rechteinhaber unbekannt.Quelle: https://profiles.nlm.nih.gov/ps/retrieve/narrative/sc/p-visuals/true",
        "body_en": "",
        "body_es": "",
        "search_description_de": "",
        "search_description_en": "",
        "search_description_es": "",
        "seo_title_de": "",
        "seo_title_en": "",
        "seo_title_es": "",
        "slug_de": "internationale-gesellschaft-fur-modellforschung",
        "slug_en": "",
        "slug_es": "",
        "title_de": "Internationale Gesellschaft f\u00fcr Modellforschung",
        "title_en": "International Society for Model Research",
        "title_es": "",
        "url_path_de": "/home/internationale-gesellschaft-fur-modellforschung/",
        "url_path_en": "",
        "url_path_es": "",
        "main_image_caption": "",
        "main_image_caption_de": "",
        "main_image_caption_en": "",
        "main_image_caption_es": "",
        "gefoerdert_durch_img_id": "",
        "active": "1",
        "urls": "http://profiles.nlm.nih.gov/ps/retrieve/narrative/sc/p-visuals/true https://profiles.nlm.nih.gov/ps/retrieve/narrative/sc/p-visuals/true http://profiles.nlm.nih.gov/ps/retrieve/narrative/sc/p-visuals/true https://profiles.nlm.nih.gov/ps/retrieve/narrative/sc/p-visuals/true http://profiles.nlm.nih.gov/ps/retrieve/narrative/sc/p-visuals/true https://profiles.nlm.nih.gov/ps/retrieve/narrative/sc/p-visuals/true http://profiles.nlm.nih.gov/ps/retrieve/narrative/sc/p-visuals/true https://profiles.nlm.nih.gov/ps/retrieve/narrative/sc/p-visuals/true",
        "filename": "content_kooperation.json",
        "content_kooperation_TO_content_post": [
            "2518"
        ],
        "categories": [
            "35",
            "30"
        ]
    },
    {
        "page_ptr_id": "1407",
        "date": "2016-07-05",
        "body": "Visual history",
        "main_image_id": "1100",
        "featured": "f",
        "image_carousel": "[]",
        "body_de": "Visual history",
        "body_en": "",
        "body_es": "",
        "search_description_de": "",
        "search_description_en": "",
        "search_description_es": "",
        "seo_title_de": "",
        "seo_title_en": "",
        "seo_title_es": "",
        "slug_de": "zentrum-fur-zeithistorische-forschung-potsdam-projekt-visual-history",
        "slug_en": "",
        "slug_es": "",
        "title_de": "Zentrum f\u00fcr Zeithistorische Forschung Potsdam, Projekt \u00bbVisual History\u00ab",
        "title_en": "",
        "title_es": "",
        "url_path_de": "/home/zentrum-fur-zeithistorische-forschung-potsdam-projekt-visual-history/",
        "url_path_en": "",
        "url_path_es": "",
        "main_image_caption": "",
        "main_image_caption_de": "",
        "main_image_caption_en": "",
        "main_image_caption_es": "",
        "gefoerdert_durch_img_id": "",
        "active": "1",
        "urls": "https://www.visual-history.de https://www.visual-history.de https://www.visual-history.de https://www.visual-history.de",
        "filename": "content_kooperation.json",
        "content_kooperation_TO_content_projekt": [
            "166"
        ],
        "categories": [
            "34",
            "29"
        ]
    },
    {
        "page_ptr_id": "125",
        "date": "2016-04-28",
        "body": "www.zib.de",
        "main_image_id": "799",
        "featured": "f",
        "image_carousel": "[]",
        "body_de": "www.zib.de",
        "body_en": "",
        "body_es": "",
        "search_description_de": "",
        "search_description_en": "",
        "search_description_es": "",
        "seo_title_de": "",
        "seo_title_en": "",
        "seo_title_es": "",
        "slug_de": "konrad-zuse-zentrum-fur-informationstechnik-berlin",
        "slug_en": "",
        "slug_es": "",
        "title_de": "Konrad-Zuse-Zentrum f\u00fcr Informationstechnik Berlin",
        "title_en": "",
        "title_es": "",
        "url_path_de": "/home/konrad-zuse-zentrum-fur-informationstechnik-berlin/",
        "url_path_en": "",
        "url_path_es": "",
        "main_image_caption": "",
        "main_image_caption_de": "",
        "main_image_caption_en": "",
        "main_image_caption_es": "",
        "gefoerdert_durch_img_id": "",
        "active": "1",
        "urls": "http://www.zib.de/ http://www.zib.de/ http://www.zib.de/ http://www.zib.de/",
        "filename": "content_kooperation.json",
        "content_kooperation_TO_content_projekt": [
            "19"
        ],
        "categories": [
            "34",
            "35",
            "29",
            "30"
        ]
    },
    {
        "page_ptr_id": "120",
        "date": "2016-04-28",
        "body": "www.tu-berlin.deInstitut f\u00fcr ArchitekturInstitut f\u00fcr Telekommunikationssysteme",
        "main_image_id": "98",
        "featured": "f",
        "image_carousel": "[]",
        "body_de": "www.tu-berlin.deInstitut f\u00fcr ArchitekturInstitut f\u00fcr Telekommunikationssysteme",
        "body_en": "",
        "body_es": "",
        "search_description_de": "",
        "search_description_en": "",
        "search_description_es": "",
        "seo_title_de": "",
        "seo_title_en": "",
        "seo_title_es": "",
        "slug_de": "technische-universitat-berlin",
        "slug_en": "",
        "slug_es": "",
        "title_de": "Technische Universit\u00e4t Berlin",
        "title_en": "",
        "title_es": "",
        "url_path_de": "/home/technische-universitat-berlin/",
        "url_path_en": "",
        "url_path_es": "",
        "main_image_caption": "",
        "main_image_caption_de": "",
        "main_image_caption_en": "",
        "main_image_caption_es": "",
        "gefoerdert_durch_img_id": "",
        "active": "1",
        "urls": "http://www.tu-berlin.de/ http://www.tu-berlin.de/ http://www.tu-berlin.de/ http://www.tu-berlin.de/",
        "filename": "content_kooperation.json",
        "content_kooperation_TO_content_projekt": [
            "60",
            "72",
            "67",
            "1177",
            "73",
            "64",
            "78"
        ],
        "categories": [
            "33",
            "35",
            "28",
            "30"
        ]
    },
    {
        "page_ptr_id": "134",
        "date": "2016-04-29",
        "body": "www.mpikg.mpg.de",
        "main_image_id": "88",
        "featured": "f",
        "image_carousel": "[]",
        "body_de": "www.mpikg.mpg.de",
        "body_en": "",
        "body_es": "",
        "search_description_de": "",
        "search_description_en": "",
        "search_description_es": "",
        "seo_title_de": "",
        "seo_title_en": "",
        "seo_title_es": "",
        "slug_de": "max-planck-institut-fur-kolloid-und-grenzflachenforschung",
        "slug_en": "",
        "slug_es": "",
        "title_de": "Max-Planck-Institut f\u00fcr Kolloid- und Grenzfl\u00e4chenforschung",
        "title_en": "",
        "title_es": "",
        "url_path_de": "/home/max-planck-institut-fur-kolloid-und-grenzflachenforschung/",
        "url_path_en": "",
        "url_path_es": "",
        "main_image_caption": "",
        "main_image_caption_de": "",
        "main_image_caption_en": "",
        "main_image_caption_es": "",
        "gefoerdert_durch_img_id": "",
        "active": "1",
        "urls": "",
        "filename": "content_kooperation.json",
        "content_kooperation_TO_content_projekt": [
            "78",
            "22",
            "63",
            "70",
            "73"
        ],
        "categories": [
            "34",
            "35",
            "30",
            "29"
        ]
    },
    {
        "page_ptr_id": "119",
        "date": "2016-04-28",
        "body": "www.hs-anhalt.deFachbereich Architektur, Facility Management und GeoinformationFachbereich Design",
        "main_image_id": "91",
        "featured": "f",
        "image_carousel": "[]",
        "body_de": "www.hs-anhalt.deFachbereich Architektur, Facility Management und GeoinformationFachbereich Design",
        "body_en": "",
        "body_es": "",
        "search_description_de": "",
        "search_description_en": "",
        "search_description_es": "",
        "seo_title_de": "",
        "seo_title_en": "",
        "seo_title_es": "",
        "slug_de": "hochschule-anhalt",
        "slug_en": "",
        "slug_es": "",
        "title_de": "Hochschule Anhalt",
        "title_en": "",
        "title_es": "",
        "url_path_de": "/home/hochschule-anhalt/",
        "url_path_en": "",
        "url_path_es": "",
        "main_image_caption": "",
        "main_image_caption_de": "",
        "main_image_caption_en": "",
        "main_image_caption_es": "",
        "gefoerdert_durch_img_id": "",
        "active": "1",
        "urls": "http://www.hs-anhalt.de/ http://www.hs-anhalt.de/ http://www.hs-anhalt.de/ http://www.hs-anhalt.de/",
        "filename": "content_kooperation.json",
        "content_kooperation_TO_content_projekt": [
            "65",
            "49",
            "70",
            "22",
            "39"
        ],
        "content_kooperation_TO_content_nachwuchsfoerderung": [
            "1354"
        ],
        "content_kooperation_TO_public.content_event": [
            "1375"
        ],
        "categories": [
            "33",
            "35",
            "28",
            "30"
        ]
    },
    {
        "page_ptr_id": "1408",
        "date": "2016-07-05",
        "body": "Graduiertenkolleg Das fotografische Dispositiv",
        "main_image_id": "890",
        "featured": "f",
        "image_carousel": "[]",
        "body_de": "Graduiertenkolleg Das fotografische Dispositiv",
        "body_en": "",
        "body_es": "",
        "search_description_de": "",
        "search_description_en": "",
        "search_description_es": "",
        "seo_title_de": "",
        "seo_title_en": "",
        "seo_title_es": "",
        "slug_de": "das-fotografische-dispositiv-graduiertenkolleg",
        "slug_en": "",
        "slug_es": "",
        "title_de": "Das fotografische Dispositiv, Graduiertenkolleg",
        "title_en": "",
        "title_es": "",
        "url_path_de": "/home/das-fotografische-dispositiv-graduiertenkolleg/",
        "url_path_en": "",
        "url_path_es": "",
        "main_image_caption": "",
        "main_image_caption_de": "",
        "main_image_caption_en": "",
        "main_image_caption_es": "",
        "gefoerdert_durch_img_id": "",
        "active": "1",
        "urls": "http://www.hbk-bs.de/forschung/graduiertenkolleg-das-fotografische-dispositiv/ http://www.hbk-bs.de/forschung/graduiertenkolleg-das-fotografische-dispositiv/ http://www.hbk-bs.de/forschung/graduiertenkolleg-das-fotografische-dispositiv/ http://www.hbk-bs.de/forschung/graduiertenkolleg-das-fotografische-dispositiv/",
        "filename": "content_kooperation.json",
        "content_kooperation_TO_content_projekt": [
            "166"
        ],
        "categories": [
            "35",
            "30"
        ]
    },
    {
        "page_ptr_id": "1400",
        "date": "2016-07-05",
        "body": "UNAM",
        "main_image_id": "878",
        "featured": "f",
        "image_carousel": "[]",
        "body_de": "",
        "body_en": "UNAM",
        "body_es": "",
        "search_description_de": "",
        "search_description_en": "",
        "search_description_es": "",
        "seo_title_de": "",
        "seo_title_en": "",
        "seo_title_es": "",
        "slug_de": "universidad-nacional-autonoma-de-mexico",
        "slug_en": "",
        "slug_es": "",
        "title_de": "Universidad Nacional Aut\u00f3noma de M\u00e9xico",
        "title_en": "",
        "title_es": "",
        "url_path_de": "/home/universidad-nacional-autonoma-de-mexico/",
        "url_path_en": "",
        "url_path_es": "",
        "main_image_caption": "",
        "main_image_caption_de": "",
        "main_image_caption_en": "",
        "main_image_caption_es": "",
        "gefoerdert_durch_img_id": "",
        "active": "1",
        "urls": "https://www.unam.mx https://www.unam.mx https://www.unam.mx https://www.unam.mx",
        "filename": "content_kooperation.json",
        "content_kooperation_TO_content_nachwuchsfoerderung": [
            "141"
        ],
        "categories": [
            "31",
            "28",
            "36",
            "33"
        ]
    },
    {
        "page_ptr_id": "1409",
        "date": "2016-07-05",
        "body": "Akademie Solitude",
        "main_image_id": "891",
        "featured": "f",
        "image_carousel": "[]",
        "body_de": "Akademie Solitude",
        "body_en": "",
        "body_es": "",
        "search_description_de": "",
        "search_description_en": "",
        "search_description_es": "",
        "seo_title_de": "",
        "seo_title_en": "",
        "seo_title_es": "",
        "slug_de": "akademie-schloss-solitude",
        "slug_en": "",
        "slug_es": "",
        "title_de": "Akademie Schloss Solitude",
        "title_en": "",
        "title_es": "",
        "url_path_de": "/home/akademie-schloss-solitude/",
        "url_path_en": "",
        "url_path_es": "",
        "main_image_caption": "",
        "main_image_caption_de": "",
        "main_image_caption_en": "",
        "main_image_caption_es": "",
        "gefoerdert_durch_img_id": "",
        "active": "1",
        "urls": "http://www.akademie-solitude.de/de/ http://www.akademie-solitude.de/de/ http://www.akademie-solitude.de/de/ http://www.akademie-solitude.de/de/",
        "filename": "content_kooperation.json",
        "content_kooperation_TO_content_projekt": [
            "166"
        ],
        "categories": [
            "30",
            "35"
        ]
    },
    {
        "page_ptr_id": "139",
        "date": "2016-04-29",
        "body": "www.uba.ar",
        "main_image_id": "87",
        "featured": "f",
        "image_carousel": "[]",
        "body_de": "www.uba.ar",
        "body_en": "",
        "body_es": "",
        "search_description_de": "",
        "search_description_en": "",
        "search_description_es": "",
        "seo_title_de": "",
        "seo_title_en": "",
        "seo_title_es": "",
        "slug_de": "universidad-de-buenos-aires-uba",
        "slug_en": "",
        "slug_es": "",
        "title_de": "Universidad de Buenos Aires (UBA)",
        "title_en": "",
        "title_es": "",
        "url_path_de": "/home/universidad-de-buenos-aires-uba/",
        "url_path_en": "",
        "url_path_es": "",
        "main_image_caption": "",
        "main_image_caption_de": "",
        "main_image_caption_en": "",
        "main_image_caption_es": "",
        "gefoerdert_durch_img_id": "",
        "active": "1",
        "urls": "http://www.uba.ar http://www.uba.ar http://www.uba.ar http://www.uba.ar",
        "filename": "content_kooperation.json",
        "content_kooperation_TO_content_podcast": [
            "29"
        ],
        "content_kooperation_TO_public.content_event": [
            "16"
        ],
        "content_kooperation_TO_content_nachwuchsfoerderung": [
            "102",
            "141",
            "141",
            "102"
        ],
        "content_kooperation_TO_content_post": [
            "101"
        ],
        "categories": [
            "36",
            "28",
            "31",
            "33"
        ]
    },
    {
        "page_ptr_id": "178",
        "date": "2016-05-09",
        "body": "Facolt\u00e0 de Artesunal.edu.co ",
        "main_image_id": "869",
        "featured": "f",
        "image_carousel": "[]",
        "body_de": "Facolt\u00e0 de Artesunal.edu.co ",
        "body_en": "",
        "body_es": "",
        "search_description_de": "",
        "search_description_en": "",
        "search_description_es": "",
        "seo_title_de": "",
        "seo_title_en": "",
        "seo_title_es": "",
        "slug_de": "universidad-nacional-de-colombia",
        "slug_en": "",
        "slug_es": "",
        "title_de": "Universidad Nacional de Colombia",
        "title_en": "",
        "title_es": "",
        "url_path_de": "/home/universidad-nacional-de-colombia/",
        "url_path_en": "",
        "url_path_es": "",
        "main_image_caption": "",
        "main_image_caption_de": "",
        "main_image_caption_en": "",
        "main_image_caption_es": "",
        "gefoerdert_durch_img_id": "",
        "active": "1",
        "urls": "http://unal.edu.co http://unal.edu.co http://unal.edu.co http://unal.edu.co",
        "filename": "content_kooperation.json",
        "content_kooperation_TO_public.content_event": [
            "177"
        ],
        "content_kooperation_TO_content_nachwuchsfoerderung": [
            "142"
        ],
        "categories": [
            "31",
            "33",
            "28",
            "36"
        ]
    }
]