[
    {
        "page_ptr_id": "2212",
        "date": "2016-08-03",
        "body": "\u00bbWissenschaftliche Sammlungen und Digital Humanities an der HU-Berlin: Bedarfserhebung und Weiterentwicklung des Medien-Repositoriums\u00abBesch\u00e4ftigungsstelle: Computer- und Medienservice(Jacob-und-Wilhelm-Grimm-Zentrum)Besch\u00e4ftigungszeitraum: ab sofort bis 30.06.2017Arbeitszeit: 41hVerg\u00fctung: 10,98 \u20acBeginn und Ende der Bewerbungsfrist: 29.07. bis 19.08.2016Aufgabengebiet:Du m\u00f6chtest neuen (digitalen) Glanz auf bisher unsichtbare Sch\u00e4tze legen? Dann hast Du hier Gelegenheit, Dich in den Digital Humanities weiter zu entwickeln und in einem kompetenten Team Deine F\u00e4higkeiten einzubringen!Die wissenschaftlichen Sammlungen der HU sind bedeutungsvoll als kulturelles Erbe, als Forschungsdaten und bilden einen umfangreichen Fundus f\u00fcr die Lehre. Ihre Sichtbarkeit und Nutzbarkeit in Forschung und Lehre h\u00e4ngt dabei wesentlich von ihrer digitalen Erschlie\u00dfung und der Recherchierbarkeit im Web ab. Dabei spielt die Verbindung zwischen einem physischen Sammlungsobjekt und dessen h\u00e4ufig mehrfachen und vielf\u00e4ltigen Digitalisaten (Fotografien, Videos, Scans, etc.) eine zentrale Rolle.Bisher wurde diesem Umstand nicht gen\u00fcgend Aufmerksamkeit zuteil, so dass eine Bedarfsanalyse ausgew\u00e4hlter Sammlungen erstellt wird. Darauf aufbauend ist das Medien-Repositorium der HU durch geeignete Funktionen und Schnittstellen weiterzuentwickeln, beispielsweise um Interoperabilit\u00e4t mit existierenden Systemen (\u00bbKabinette des Wissens\u00ab, u.a.).Neben den fachlichen Herausforderungen hast Du somit Gelegenheit, Deinen Horizont in den Thematiken der Sammlungsobjekte zu erweitern. Also pr\u00e4gnant zusammengefasst: Wir bieten Dir eine spannende und herausfordernde T\u00e4tigkeit im Team mit flexiblen Arbeitszeiten am Standort Mitte (Jacob-und-Wilhelm-Grimm-Zentrum).Anforderungen:Studium der Informatik, verwandter Fachrichtungen oder vergleichbare F\u00e4higkeitengute Kenntnisse oder alternativ sehr gro\u00dfe Lernbereitschaft in:Webprogrammierung (PHP, Javascript, HTML, CSS, MySQL) undMetadaten und -standards (z.B. Europeana Data Model).Interesse f\u00fcr Digital Humanities und SammlungenTeam- und Kommunikationsf\u00e4higkeit, LernbereitschaftBewerbungen sind ausschlie\u00dflich digital innerhalb der o.g. Frist unter der Angabe der o.g. Kennziffer zu richten an andreas.vollmer@cms.hu-berlin.de (Humboldt-Universit\u00e4t zu Berlin, Computer- und Medienservice, Andreas Vollmer).Es wird darum gebeten, in der Bewerbung Angaben zur sozialen Lage zu machen. Zur Sicherung der Gleichstellung sind Bewerbungen qualifizierter Frauen besonders willkommen.Schwerbehinderte Bewerber/innen werden bei gleicher Eignung bevorzugt. Bewerbungen von Menschen mit Migrationshintergrund sind ausdr\u00fccklich erw\u00fcnscht. Da keine R\u00fccksendung von Unterlagen erfolgt, wird gebeten, auf die Herreichung vonBewerbungsmappen zu verzichten und ausschlie\u00dflich Kopien vorzulegen.",
        "main_image_id": "",
        "featured": "f",
        "image_carousel": "[]",
        "body_de": "\u00bbWissenschaftliche Sammlungen und Digital Humanities an der HU-Berlin: Bedarfserhebung und Weiterentwicklung des Medien-Repositoriums\u00abBesch\u00e4ftigungsstelle: Computer- und Medienservice(Jacob-und-Wilhelm-Grimm-Zentrum)Besch\u00e4ftigungszeitraum: ab sofort bis 30.06.2017Arbeitszeit: 41hVerg\u00fctung: 10,98 \u20acBeginn und Ende der Bewerbungsfrist: 29.07. bis 19.08.2016Aufgabengebiet:Du m\u00f6chtest neuen (digitalen) Glanz auf bisher unsichtbare Sch\u00e4tze legen? Dann hast Du hier Gelegenheit, Dich in den Digital Humanities weiter zu entwickeln und in einem kompetenten Team Deine F\u00e4higkeiten einzubringen!Die wissenschaftlichen Sammlungen der HU sind bedeutungsvoll als kulturelles Erbe, als Forschungsdaten und bilden einen umfangreichen Fundus f\u00fcr die Lehre. Ihre Sichtbarkeit und Nutzbarkeit in Forschung und Lehre h\u00e4ngt dabei wesentlich von ihrer digitalen Erschlie\u00dfung und der Recherchierbarkeit im Web ab. Dabei spielt die Verbindung zwischen einem physischen Sammlungsobjekt und dessen h\u00e4ufig mehrfachen und vielf\u00e4ltigen Digitalisaten (Fotografien, Videos, Scans, etc.) eine zentrale Rolle.Bisher wurde diesem Umstand nicht gen\u00fcgend Aufmerksamkeit zuteil, so dass eine Bedarfsanalyse ausgew\u00e4hlter Sammlungen erstellt wird. Darauf aufbauend ist das Medien-Repositorium der HU durch geeignete Funktionen und Schnittstellen weiterzuentwickeln, beispielsweise um Interoperabilit\u00e4t mit existierenden Systemen (\u00bbKabinette des Wissens\u00ab, u.a.).Neben den fachlichen Herausforderungen hast Du somit Gelegenheit, Deinen Horizont in den Thematiken der Sammlungsobjekte zu erweitern. Also pr\u00e4gnant zusammengefasst: Wir bieten Dir eine spannende und herausfordernde T\u00e4tigkeit im Team mit flexiblen Arbeitszeiten am Standort Mitte (Jacob-und-Wilhelm-Grimm-Zentrum).Anforderungen:Studium der Informatik, verwandter Fachrichtungen oder vergleichbare F\u00e4higkeitengute Kenntnisse oder alternativ sehr gro\u00dfe Lernbereitschaft in:Webprogrammierung (PHP, Javascript, HTML, CSS, MySQL) undMetadaten und -standards (z.B. Europeana Data Model).Interesse f\u00fcr Digital Humanities und SammlungenTeam- und Kommunikationsf\u00e4higkeit, LernbereitschaftBewerbungen sind ausschlie\u00dflich digital innerhalb der o.g. Frist unter der Angabe der o.g. Kennziffer zu richten an andreas.vollmer@cms.hu-berlin.de (Humboldt-Universit\u00e4t zu Berlin, Computer- und Medienservice, Andreas Vollmer).Es wird darum gebeten, in der Bewerbung Angaben zur sozialen Lage zu machen. Zur Sicherung der Gleichstellung sind Bewerbungen qualifizierter Frauen besonders willkommen.Schwerbehinderte Bewerber/innen werden bei gleicher Eignung bevorzugt. Bewerbungen von Menschen mit Migrationshintergrund sind ausdr\u00fccklich erw\u00fcnscht. Da keine R\u00fccksendung von Unterlagen erfolgt, wird gebeten, auf die Herreichung vonBewerbungsmappen zu verzichten und ausschlie\u00dflich Kopien vorzulegen.",
        "body_en": "",
        "body_es": "",
        "search_description_de": "",
        "search_description_en": "",
        "search_description_es": "",
        "seo_title_de": "",
        "seo_title_en": "",
        "seo_title_es": "",
        "slug_de": "studentische-hilfskrafte-kennziffer-930716",
        "slug_en": "",
        "slug_es": "",
        "title_de": "Studentische Hilfskr\u00e4fte - Kennziffer 93/07/16",
        "title_en": "",
        "title_es": "",
        "url_path_de": "/home/studentische-hilfskrafte-kennziffer-930716/",
        "url_path_en": "",
        "url_path_es": "",
        "main_image_caption": "",
        "main_image_caption_de": "",
        "main_image_caption_en": "",
        "main_image_caption_es": "",
        "gefoerdert_durch_img_id": "",
        "active": "1",
        "urls": "",
        "filename": "content_job.json",
        "categories": [
            "4",
            "3"
        ]
    },
    {
        "page_ptr_id": "2618",
        "date": "2016-09-23",
        "body": "AufgabengebietWissenschaftliche Dienstleistungen in der Forschung im Bereich Medizin-/ Gesundheitsinformatik im Rahmen des Clusterschwerpunktes \u201eBild &#38; Handlung\u201c (Projekte \u201eImage Guidance\u201c und \u201eGesundheit &#38; Gestaltung: Empathy\u201c), insb. Analyse bestehender Softwarel\u00f6sungen, Entwurf und ggf. Implementierung einer idealen Softwarel\u00f6sung f\u00fcr die Planung neurochirurgischer Eingriffe, Analyse der Datenmodellierung und \u2013infrastruktur patientenorientierter mobiler Anwendungen (Android/iOS) und Mitentwicklung eigener Prototypen; Aufgaben zur eigenen wiss. Qualifizierung (Promotion) AnforderungenAbgeschlossenes wissenschaftliches Hochschulstudium der Informatik; Vorkenntnisse im Bereich medizinischer Visualisierung und Software (Datenmanagement, Planung, Bildverarbeitung, Open Source-Pools); Entwicklungskenntnisse und Erfahrungen mit mobilen Technologien im Gesundheitsbereich erw\u00fcnscht; sehr gute Beherrschung der deutschen und englischen Sprache in Wort und Schrift; Bereitschaft zur engen interdisziplin\u00e4ren Zusammenarbeit mit medizinischen Praxisfeldern sowie geisteswissenschaftlichen und gestaltenden Disziplinen, vorzugsweise Erfahrungen und Problembewusstsein in interdisziplin\u00e4rer Teamarbeit.Bewerbungen sind innerhalb von 3 Wochen unter Angabe der Kennziffer DR/133/16 an die Humboldt-Universit\u00e4t zu Berlin, Exzellenzcluster Bild Wissen Gestaltung, Dr. Thomas Picht, Unter den Linden 6, 10099 Berlin oder bevorzugt per E-Mail in EINER PDF-Datei an bwg.bewerbungen@hu-berlin.de zu richten. ",
        "main_image_id": "",
        "featured": "f",
        "image_carousel": "[]",
        "body_de": "AufgabengebietWissenschaftliche Dienstleistungen in der Forschung im Bereich Medizin-/ Gesundheitsinformatik im Rahmen des Clusterschwerpunktes \u201eBild &#38; Handlung\u201c (Projekte \u201eImage Guidance\u201c und \u201eGesundheit &#38; Gestaltung: Empathy\u201c), insb. Analyse bestehender Softwarel\u00f6sungen, Entwurf und ggf. Implementierung einer idealen Softwarel\u00f6sung f\u00fcr die Planung neurochirurgischer Eingriffe, Analyse der Datenmodellierung und \u2013infrastruktur patientenorientierter mobiler Anwendungen (Android/iOS) und Mitentwicklung eigener Prototypen; Aufgaben zur eigenen wiss. Qualifizierung (Promotion) AnforderungenAbgeschlossenes wissenschaftliches Hochschulstudium der Informatik; Vorkenntnisse im Bereich medizinischer Visualisierung und Software (Datenmanagement, Planung, Bildverarbeitung, Open Source-Pools); Entwicklungskenntnisse und Erfahrungen mit mobilen Technologien im Gesundheitsbereich erw\u00fcnscht; sehr gute Beherrschung der deutschen und englischen Sprache in Wort und Schrift; Bereitschaft zur engen interdisziplin\u00e4ren Zusammenarbeit mit medizinischen Praxisfeldern sowie geisteswissenschaftlichen und gestaltenden Disziplinen, vorzugsweise Erfahrungen und Problembewusstsein in interdisziplin\u00e4rer Teamarbeit.Bewerbungen sind innerhalb von 3 Wochen unter Angabe der Kennziffer DR/133/16 an die Humboldt-Universit\u00e4t zu Berlin, Exzellenzcluster Bild Wissen Gestaltung, Dr. Thomas Picht, Unter den Linden 6, 10099 Berlin oder bevorzugt per E-Mail in EINER PDF-Datei an bwg.bewerbungen@hu-berlin.de zu richten. ",
        "body_en": "",
        "body_es": "",
        "search_description_de": "",
        "search_description_en": "",
        "search_description_es": "",
        "seo_title_de": "",
        "seo_title_en": "",
        "seo_title_es": "",
        "slug_de": "wissenschaftliche_r-mitarbeiter_in-mit-voraussichtlich-vollzeit-e-13-tv-l-hu-befristet-bis-31102017-dr13316",
        "slug_en": "",
        "slug_es": "",
        "title_de": "Wissenschaftliche_r Mitarbeiter_in mit voraussichtlich Vollzeit - E 13 TV-L HU (befristet bis 31.10.2017) - DR/133/16",
        "title_en": "",
        "title_es": "",
        "url_path_de": "/home/wissenschaftliche_r-mitarbeiter_in-mit-voraussichtlich-vollzeit-e-13-tv-l-hu-befristet-bis-31102017-dr13316/",
        "url_path_en": "",
        "url_path_es": "",
        "main_image_caption": "",
        "main_image_caption_de": "",
        "main_image_caption_en": "",
        "main_image_caption_es": "",
        "gefoerdert_durch_img_id": "",
        "active": "1",
        "urls": "",
        "filename": "content_job.json",
        "content_job_TO_public.content_mitglied": [
            "381"
        ],
        "categories": [
            "4",
            "3"
        ]
    },
    {
        "page_ptr_id": "2589",
        "date": "2016-09-16",
        "body": "Bewerbungszeitraum:  19.09.2016 bis 10.10.2016Besch\u00e4ftigungsbeginn: 01.11.2016 bzw. schnellstm\u00f6glichBesch\u00e4ftigungszeitraum: bis zum 31.10.2017Besch\u00e4ftigungsumfang: 41 Stunden im MonatAufgabengebiet (je nach Kenntnisstand):First-Level-Support f\u00fcr Mac OS X und gglfs. auch MS WindowsUnterst\u00fctzung bei Print- und WebdesignUbuntu Server oder Docker AdministrationWeb-Programmierung DatenvisualisierungFilemaker Server Administration und Client SupportDurchf\u00fchrung von Schulungen f\u00fcr die Mitarbeiter_innen im Cluster (Apple Software und HU-CMS Dienste)Anforderungen:Nachweis der StudierendeneigenschaftErfahrungen in der Administration und im Umgang mit den Betriebssystemen Mac OS X erforderlich und MS Windows w\u00fcnschenswertKenntnisse in Layoutprogramm(en) oder Filemaker von VorteilKenntnisse der GNU/Linux Kommandozeile oder Docker w\u00fcnschenswertKenntnisse in JavaScript, HTML5 und CSS3 sind w\u00fcnschenswertBewerbungen sind bis zum 10.10.2016 unter Angabe der Kennziffer KSBF/173/2016 zu richten an Humboldt-Universit\u00e4t zu Berlin, Exzellenzcluster Bild Wissen Gestaltung, Herrn Alexander Struck, Unter Linden 6, 10099 Berlin ausschlie\u00dflich per E-Mail in EINER PDF-Datei an bwg.bewerbungen@hu-berlin.de. Es wird darum gebeten, in der Bewerbung Angaben zur sozialen Lage zu machen. Zur Sicherung der Gleichstellung sind Bewerbungen qualifizierter Frauen besonders willkommen. Schwerbehinderte Bewerber_innen werden bei gleicher Eignung bevorzugt. Bewerbungen von Menschen mit Migrationshintergrund sind ausdr\u00fccklich erw\u00fcnscht. Da keine R\u00fccksendung von Unterlagen erfolgt, wird gebeten, auf die Herreichung von Bewerbungsmappen zu verzichten und ausschlie\u00dflich Kopien vorzulegen.",
        "main_image_id": "",
        "featured": "f",
        "image_carousel": "[]",
        "body_de": "Bewerbungszeitraum:  19.09.2016 bis 10.10.2016Besch\u00e4ftigungsbeginn: 01.11.2016 bzw. schnellstm\u00f6glichBesch\u00e4ftigungszeitraum: bis zum 31.10.2017Besch\u00e4ftigungsumfang: 41 Stunden im MonatAufgabengebiet (je nach Kenntnisstand):First-Level-Support f\u00fcr Mac OS X und gglfs. auch MS WindowsUnterst\u00fctzung bei Print- und WebdesignUbuntu Server oder Docker AdministrationWeb-Programmierung DatenvisualisierungFilemaker Server Administration und Client SupportDurchf\u00fchrung von Schulungen f\u00fcr die Mitarbeiter_innen im Cluster (Apple Software und HU-CMS Dienste)Anforderungen:Nachweis der StudierendeneigenschaftErfahrungen in der Administration und im Umgang mit den Betriebssystemen Mac OS X erforderlich und MS Windows w\u00fcnschenswertKenntnisse in Layoutprogramm(en) oder Filemaker von VorteilKenntnisse der GNU/Linux Kommandozeile oder Docker w\u00fcnschenswertKenntnisse in JavaScript, HTML5 und CSS3 sind w\u00fcnschenswertBewerbungen sind bis zum 10.10.2016 unter Angabe der Kennziffer KSBF/173/2016 zu richten an Humboldt-Universit\u00e4t zu Berlin, Exzellenzcluster Bild Wissen Gestaltung, Herrn Alexander Struck, Unter Linden 6, 10099 Berlin ausschlie\u00dflich per E-Mail in EINER PDF-Datei an bwg.bewerbungen@hu-berlin.de. Es wird darum gebeten, in der Bewerbung Angaben zur sozialen Lage zu machen. Zur Sicherung der Gleichstellung sind Bewerbungen qualifizierter Frauen besonders willkommen. Schwerbehinderte Bewerber_innen werden bei gleicher Eignung bevorzugt. Bewerbungen von Menschen mit Migrationshintergrund sind ausdr\u00fccklich erw\u00fcnscht. Da keine R\u00fccksendung von Unterlagen erfolgt, wird gebeten, auf die Herreichung von Bewerbungsmappen zu verzichten und ausschlie\u00dflich Kopien vorzulegen.",
        "body_en": "",
        "body_es": "",
        "search_description_de": "",
        "search_description_en": "",
        "search_description_es": "",
        "seo_title_de": "",
        "seo_title_en": "",
        "seo_title_es": "",
        "slug_de": "studentische-hilfskraft-kennziffer-ksbf1732016",
        "slug_en": "",
        "slug_es": "",
        "title_de": "Studentische Hilfskraft - Kennziffer: KSBF/173/2016",
        "title_en": "",
        "title_es": "",
        "url_path_de": "/home/studentische-hilfskraft-kennziffer-ksbf1732016/",
        "url_path_en": "",
        "url_path_es": "",
        "main_image_caption": "",
        "main_image_caption_de": "",
        "main_image_caption_en": "",
        "main_image_caption_es": "",
        "gefoerdert_durch_img_id": "",
        "active": "1",
        "urls": "",
        "filename": "content_job.json",
        "content_job_TO_public.content_mitglied": [
            "268"
        ],
        "categories": [
            "4",
            "3"
        ]
    },
    {
        "page_ptr_id": "2590",
        "date": "2016-09-16",
        "body": "Bewerbungszeitraum:  19.09.2016 bis 10.10.2016Besch\u00e4ftigungsbeginn: 01.12.2016Besch\u00e4ftigungszeitraum: bis zum 31.10.2017Besch\u00e4ftigungsumfang: 41 Stunden im MonatAufgabengebiet:Mitarbeit am Lehrstuhl \u00bbGeschichte und Theorie der Form\u00abLiteratur- und Bildrecherche sowie -beschaffungMithilfe bei der Vorbereitung und Durchf\u00fchrung von Tagungen und Workshopsallgemeine Koordinations- und OrganisationsaufgabenAnforderungen:Studium der f\u00fcr das Aufgabengebiet einschl\u00e4gigen Fachrichtung (Kunst- und Bildgeschichte, philosophische \u00c4sthetik und Kunsttheorie)Bereitschaft zur Einarbeitung in interdisziplin\u00e4re Themenfelder, Theorie und MethodenKenntnisse der g\u00e4ngigen Office-ProgrammeSehr gute DeutschkenntnisseFranz\u00f6sischkenntnisse sind von VorteilSelbstst\u00e4ndiges, zuverl\u00e4ssiges Arbeiten und schnelle AuffassungsgabeBewerbungen sind bis zum 10.10.2016 unter Angabe der Kennziffer KSBF/178/2016 zu richten an Humboldt-Universit\u00e4t zu Berlin, Exzellenzcluster Bild Wissen Gestaltung, Frau Prof. Dr. Bl\u00fcmle, Unter Linden 6, 10099 Berlin ausschlie\u00dflich per E-Mail in EINER PDF-Datei an bwg.bewerbungen@hu-berlin.de. Es wird darum gebeten, in der Bewerbung Angaben zur sozialen Lage zu machen. Zur Sicherung der Gleichstellung sind Bewerbungen qualifizierter Frauen besonders willkommen. Schwerbehinderte Bewerber_innen werden bei gleicher Eignung bevorzugt. Bewerbungen von Menschen mit Migrationshintergrund sind ausdr\u00fccklich erw\u00fcnscht. Da keine R\u00fccksendung von Unterlagen erfolgt, wird gebeten, auf die Herreichung von Bewerbungsmappen zu verzichten und ausschlie\u00dflich Kopien vorzulegen.",
        "main_image_id": "",
        "featured": "f",
        "image_carousel": "[]",
        "body_de": "Bewerbungszeitraum:  19.09.2016 bis 10.10.2016Besch\u00e4ftigungsbeginn: 01.12.2016Besch\u00e4ftigungszeitraum: bis zum 31.10.2017Besch\u00e4ftigungsumfang: 41 Stunden im MonatAufgabengebiet:Mitarbeit am Lehrstuhl \u00bbGeschichte und Theorie der Form\u00abLiteratur- und Bildrecherche sowie -beschaffungMithilfe bei der Vorbereitung und Durchf\u00fchrung von Tagungen und Workshopsallgemeine Koordinations- und OrganisationsaufgabenAnforderungen:Studium der f\u00fcr das Aufgabengebiet einschl\u00e4gigen Fachrichtung (Kunst- und Bildgeschichte, philosophische \u00c4sthetik und Kunsttheorie)Bereitschaft zur Einarbeitung in interdisziplin\u00e4re Themenfelder, Theorie und MethodenKenntnisse der g\u00e4ngigen Office-ProgrammeSehr gute DeutschkenntnisseFranz\u00f6sischkenntnisse sind von VorteilSelbstst\u00e4ndiges, zuverl\u00e4ssiges Arbeiten und schnelle AuffassungsgabeBewerbungen sind bis zum 10.10.2016 unter Angabe der Kennziffer KSBF/178/2016 zu richten an Humboldt-Universit\u00e4t zu Berlin, Exzellenzcluster Bild Wissen Gestaltung, Frau Prof. Dr. Bl\u00fcmle, Unter Linden 6, 10099 Berlin ausschlie\u00dflich per E-Mail in EINER PDF-Datei an bwg.bewerbungen@hu-berlin.de. Es wird darum gebeten, in der Bewerbung Angaben zur sozialen Lage zu machen. Zur Sicherung der Gleichstellung sind Bewerbungen qualifizierter Frauen besonders willkommen. Schwerbehinderte Bewerber_innen werden bei gleicher Eignung bevorzugt. Bewerbungen von Menschen mit Migrationshintergrund sind ausdr\u00fccklich erw\u00fcnscht. Da keine R\u00fccksendung von Unterlagen erfolgt, wird gebeten, auf die Herreichung von Bewerbungsmappen zu verzichten und ausschlie\u00dflich Kopien vorzulegen.",
        "body_en": "",
        "body_es": "",
        "search_description_de": "",
        "search_description_en": "",
        "search_description_es": "",
        "seo_title_de": "",
        "seo_title_en": "",
        "seo_title_es": "",
        "slug_de": "studentische-hilfskraft-kennziffer-ksbf1782016",
        "slug_en": "",
        "slug_es": "",
        "title_de": "Studentische Hilfskraft - Kennziffer: KSBF/178/2016",
        "title_en": "",
        "title_es": "",
        "url_path_de": "/home/studentische-hilfskraft-kennziffer-ksbf1782016/",
        "url_path_en": "",
        "url_path_es": "",
        "main_image_caption": "",
        "main_image_caption_de": "",
        "main_image_caption_en": "",
        "main_image_caption_es": "",
        "gefoerdert_durch_img_id": "",
        "active": "1",
        "urls": "",
        "filename": "content_job.json",
        "content_job_TO_content_projekt": [
            "1179"
        ],
        "content_job_TO_public.content_mitglied": [
            "567"
        ],
        "categories": [
            "4",
            "3"
        ]
    },
    {
        "page_ptr_id": "2617",
        "date": "2016-09-23",
        "body": "AufgabengebietWissenschaftliche Dienstleistungen in der Forschung zur weiteren Erschlie\u00dfung von Sammlungen der HU aus verschiedenen geistes- und naturwissenschaftlichen F\u00e4chern, insbesondere Abgleich von Datenmodellen bestehender Datenbanken mit aktuellen Standards, \u00dcberarbeitung des Datenmodells der sammlungs\u00fcbergreifenden Datenbank \u201eKabinette des Wissens\u201c, Entwicklung von Datenmodellen f\u00fcr bisher nicht erschlossene Sammlungsbest\u00e4nde (z. B. in der Ethnologie und Arch\u00e4ologie); Mitarbeit bei der Konzeption k\u00fcnftiger Sammlungserschlie\u00dfungen an der HU, insb. mit Blick auf die Verkn\u00fcpfung von Schriftgut- und Objektbest\u00e4nden AnforderungenAbgeschlossenes wissenschaftliches Hochschulstudium in Bibliotheks- und Informationswissenschaften, Museologie, Informatik oder einem verwandten Fach; Kenntnisse der g\u00e4ngigen Metadatenaustauschformate (z. B. LIDO, EDM), der g\u00e4ngigen konzeptionellen Modelle (z. B. CIDOC CRM) sowie Normdaten und Vokabulare (z. B. GND, AAT); Kenntnisse der aktuellen Entwicklungen in den Bereichen Digital Humanities und Rechte/Lizenzmodelle; Erfahrung mit der digitalen Erschlie\u00dfung von Objektbest\u00e4nden; Programmierkenntnisse in Python von Vorteil; sehr gute Deutsch- und Englischkenntnisse Bewerbungen sind innerhalb von 3 Wochen unter Angabe der Kennziffer DR/132/16 an die Humboldt-Universit\u00e4t zu Berlin, Exzellenzcluster Bild Wissen Gestaltung, Dr. Jochen Hennig, Unter den Linden 6, 10099 Berlin oder bevorzugt per E-Mail in EINER PDF-Datei an bwg.bewerbungen@hu-berlin.de zu richten. ",
        "main_image_id": "",
        "featured": "f",
        "image_carousel": "[]",
        "body_de": "AufgabengebietWissenschaftliche Dienstleistungen in der Forschung zur weiteren Erschlie\u00dfung von Sammlungen der HU aus verschiedenen geistes- und naturwissenschaftlichen F\u00e4chern, insbesondere Abgleich von Datenmodellen bestehender Datenbanken mit aktuellen Standards, \u00dcberarbeitung des Datenmodells der sammlungs\u00fcbergreifenden Datenbank \u201eKabinette des Wissens\u201c, Entwicklung von Datenmodellen f\u00fcr bisher nicht erschlossene Sammlungsbest\u00e4nde (z. B. in der Ethnologie und Arch\u00e4ologie); Mitarbeit bei der Konzeption k\u00fcnftiger Sammlungserschlie\u00dfungen an der HU, insb. mit Blick auf die Verkn\u00fcpfung von Schriftgut- und Objektbest\u00e4nden AnforderungenAbgeschlossenes wissenschaftliches Hochschulstudium in Bibliotheks- und Informationswissenschaften, Museologie, Informatik oder einem verwandten Fach; Kenntnisse der g\u00e4ngigen Metadatenaustauschformate (z. B. LIDO, EDM), der g\u00e4ngigen konzeptionellen Modelle (z. B. CIDOC CRM) sowie Normdaten und Vokabulare (z. B. GND, AAT); Kenntnisse der aktuellen Entwicklungen in den Bereichen Digital Humanities und Rechte/Lizenzmodelle; Erfahrung mit der digitalen Erschlie\u00dfung von Objektbest\u00e4nden; Programmierkenntnisse in Python von Vorteil; sehr gute Deutsch- und Englischkenntnisse Bewerbungen sind innerhalb von 3 Wochen unter Angabe der Kennziffer DR/132/16 an die Humboldt-Universit\u00e4t zu Berlin, Exzellenzcluster Bild Wissen Gestaltung, Dr. Jochen Hennig, Unter den Linden 6, 10099 Berlin oder bevorzugt per E-Mail in EINER PDF-Datei an bwg.bewerbungen@hu-berlin.de zu richten. ",
        "body_en": "",
        "body_es": "",
        "search_description_de": "",
        "search_description_en": "",
        "search_description_es": "",
        "seo_title_de": "",
        "seo_title_en": "",
        "seo_title_es": "",
        "slug_de": "wissenschaftliche_r-mitarbeiter_in-mit-12-teilzeitbeschaftigung-e-13-tv-l-hu-befristet-bis-31102017-dr13216",
        "slug_en": "",
        "slug_es": "",
        "title_de": "Wissenschaftliche_r Mitarbeiter_in mit 1/2-Teilzeitbesch\u00e4ftigung - E 13 TV-L HU (befristet bis 31.10.2017) - DR/132/16",
        "title_en": "",
        "title_es": "",
        "url_path_de": "/home/wissenschaftliche_r-mitarbeiter_in-mit-12-teilzeitbeschaftigung-e-13-tv-l-hu-befristet-bis-31102017-dr13216/",
        "url_path_en": "",
        "url_path_es": "",
        "main_image_caption": "",
        "main_image_caption_de": "",
        "main_image_caption_en": "",
        "main_image_caption_es": "",
        "gefoerdert_durch_img_id": "",
        "active": "1",
        "urls": "",
        "filename": "content_job.json",
        "content_job_TO_public.content_mitglied": [
            "432"
        ],
        "categories": [
            "4",
            "3"
        ]
    },
    {
        "page_ptr_id": "2357",
        "date": "2016-09-15",
        "body": "Bewerbungszeitraum:  22.09.2016 bis 17.10.2016Besch\u00e4ftigungsbeginn: geplant ab dem 01.12.2016Besch\u00e4ftigungszeitraum: unbefristetBesch\u00e4ftigungsumfang: 50% Teilzeit unter Vorbehalt der Finanzierung Vollzeit E 13 TV-L HU,Nichtwissenschaftliches PersonalKennziffer: AN/177/16Die Humboldt-Universit\u00e4t zu Berlin er\u00f6ffnet 2019 einen multimedialen und interdisziplin\u00e4ren Ausstellungs- und Veranstaltungsraum im Humboldt Forum im Berliner Schloss: Das Humboldt-Labor, das Prozesse der Wissenserzeugung und Forschung sichtbar macht.Aufgabengebiet: Projektmanagement f\u00fcr die Ausstellungen und Veranstaltungen im Humboldt-Labor, insb. inhaltliche und verantwortliche Abstimmung, Planung, Programmentwicklung, Organisation und Umsetzung; Evaluation und Anpassung der Konzepte w\u00e4hrend der Laufzeit; Erstellung und \u00dcberwachung von Finanzierungspl\u00e4nen; Einwerben von DrittmittelnAnforderungen:Abgeschlossenes wiss. Hochschulstudium auf dem Gebiet der Geistes- oder Kulturwissenschaft, Promotion erw\u00fcnscht; Kenntnisse der Wissenschaftskommunikation, der Ausstellungstheorie und -praxis, Kenntnisse im Haushaltsrecht; sehr gute Englischkenntnisse; g\u00e4ngige IT-Kenntnisse; Erfahrungen in der inhaltlichen und administrativen Planung und Organisation von Ausstellungen und Veranstaltungen, in Redaktion, Lektorat und Leihverkehr, in Budgetplanung und -\u00fcberwachung, in der Vertragsgestaltung, der Drittmitteleinwerbung sowie mit Verwaltungsstrukturen im \u00f6ffentlichen Dienst; nachgewiesene Praxis in wissenschaftlichen und k\u00fcnstlerischen (Ausstellungs-)Projekten; Flexibilit\u00e4t, sorgf\u00e4ltiges, strukturiertes sowie l\u00f6sungsorientiertes Arbeiten auch unter Zeitdruck, hohe Motivation, Team- und Kommunikationsf\u00e4higkeitBewerbungen sind bis zum 17.10.2016 unter Angabe der Kennziffer AN/177/16 an die Humboldt-Universit\u00e4t zu Berlin, Helmholtz-Zentrum f\u00fcr Kulturtechnik, Prof. Dr. Wolfgang Sch\u00e4ffner, Unter Linden 6, 10099 Berlin ausschlie\u00dflich per E-Mail in einer PDF-Datei an helmholtz@culture.hu-berlin.de zu richten.",
        "main_image_id": "",
        "featured": "f",
        "image_carousel": "[]",
        "body_de": "Bewerbungszeitraum:  22.09.2016 bis 17.10.2016Besch\u00e4ftigungsbeginn: geplant ab dem 01.12.2016Besch\u00e4ftigungszeitraum: unbefristetBesch\u00e4ftigungsumfang: 50% Teilzeit unter Vorbehalt der Finanzierung Vollzeit E 13 TV-L HU,Nichtwissenschaftliches PersonalKennziffer: AN/177/16Die Humboldt-Universit\u00e4t zu Berlin er\u00f6ffnet 2019 einen multimedialen und interdisziplin\u00e4ren Ausstellungs- und Veranstaltungsraum im Humboldt Forum im Berliner Schloss: Das Humboldt-Labor, das Prozesse der Wissenserzeugung und Forschung sichtbar macht.Aufgabengebiet: Projektmanagement f\u00fcr die Ausstellungen und Veranstaltungen im Humboldt-Labor, insb. inhaltliche und verantwortliche Abstimmung, Planung, Programmentwicklung, Organisation und Umsetzung; Evaluation und Anpassung der Konzepte w\u00e4hrend der Laufzeit; Erstellung und \u00dcberwachung von Finanzierungspl\u00e4nen; Einwerben von DrittmittelnAnforderungen:Abgeschlossenes wiss. Hochschulstudium auf dem Gebiet der Geistes- oder Kulturwissenschaft, Promotion erw\u00fcnscht; Kenntnisse der Wissenschaftskommunikation, der Ausstellungstheorie und -praxis, Kenntnisse im Haushaltsrecht; sehr gute Englischkenntnisse; g\u00e4ngige IT-Kenntnisse; Erfahrungen in der inhaltlichen und administrativen Planung und Organisation von Ausstellungen und Veranstaltungen, in Redaktion, Lektorat und Leihverkehr, in Budgetplanung und -\u00fcberwachung, in der Vertragsgestaltung, der Drittmitteleinwerbung sowie mit Verwaltungsstrukturen im \u00f6ffentlichen Dienst; nachgewiesene Praxis in wissenschaftlichen und k\u00fcnstlerischen (Ausstellungs-)Projekten; Flexibilit\u00e4t, sorgf\u00e4ltiges, strukturiertes sowie l\u00f6sungsorientiertes Arbeiten auch unter Zeitdruck, hohe Motivation, Team- und Kommunikationsf\u00e4higkeitBewerbungen sind bis zum 17.10.2016 unter Angabe der Kennziffer AN/177/16 an die Humboldt-Universit\u00e4t zu Berlin, Helmholtz-Zentrum f\u00fcr Kulturtechnik, Prof. Dr. Wolfgang Sch\u00e4ffner, Unter Linden 6, 10099 Berlin ausschlie\u00dflich per E-Mail in einer PDF-Datei an helmholtz@culture.hu-berlin.de zu richten.",
        "body_en": "",
        "body_es": "",
        "search_description_de": "",
        "search_description_en": "",
        "search_description_es": "",
        "seo_title_de": "",
        "seo_title_en": "",
        "seo_title_es": "",
        "slug_de": "projektmanager-mit-wissenschaftlich-kuratorischer-ausrichtung",
        "slug_en": "",
        "slug_es": "",
        "title_de": "Projektmanager/in mit wissenschaftlich-kuratorischer Ausrichtung",
        "title_en": "",
        "title_es": "",
        "url_path_de": "/home/projektmanager-mit-wissenschaftlich-kuratorischer-ausrichtung/",
        "url_path_en": "",
        "url_path_es": "",
        "main_image_caption": "",
        "main_image_caption_de": "",
        "main_image_caption_en": "",
        "main_image_caption_es": "",
        "gefoerdert_durch_img_id": "",
        "active": "1",
        "urls": "",
        "filename": "content_job.json",
        "categories": [
            "4",
            "3"
        ]
    },
    {
        "page_ptr_id": "2009",
        "date": "2016-07-14",
        "body": "Bewerbungszeitraum:  14.07.2016 bis 30.09.2016Besch\u00e4ftigungsbeginn: 01.10.2016Besch\u00e4ftigungszeitraum: bis zum 31.10.2017Besch\u00e4ftigungsumfang: 41 Stunden im MonatAufgabengebiet:Mitarbeit im Projekt \\&quot;Objektorientierte, kollaborative Wissensstrukturen\\&quot;Mitarbeit bei der Entwicklung von interaktiven Funktionsprototypen (Physical Computing)Mitarbeit bei der Entwicklung von Interaktionskonzepten im Kontext von Telepr\u00e4senzMitarbeit beim Aufbau einer Web-Applikation zum Annotieren, Dokumentieren und Kommunizieren objektzentrierter Entwurfs- und ForschungsprozesseRechercheAnforderungen:Studium eines einschl\u00e4gigen Fachgebiets (Informatik, Wirtschaftsinformatik oder verwandte Disziplinen)Kenntnisse im Bereich des Physical Computing (z.B. Arduino, Rasperry PI)Grundkenntnisse in Programmier- und Skriptsprachen, idealerweise gute Kenntnisse im Bereich Webprogrammierung (HTML, Javascript)Erfahrung mit Datenbank-Anwendung (z.B. CouchDB)Kommunikationsf\u00e4higkeit im interdisziplin\u00e4rem KontextTeamf\u00e4higkeit und selbstst\u00e4ndiges ArbeitenGute englische SprachkenntnisseIdealerweise erste praktische Erfahrungen im Bereich IT-SystemadministrationBewerbungen sind bis zum 30.09.2016 unter Angabe der Kennziffer KSBF/76/2016 zu richten an Humboldt-Universit\u00e4t zu Berlin, Exzellenzcluster Bild Wissen Gestaltung, Frau Prof. Dr. M\u00fcller-Birn, Unter Linden 6, 10099 Berlin ausschlie\u00dflich per E-Mail in EINER PDF-Datei an bwg.bewerbungen@hu-berlin.de. Es wird darum gebeten, in der Bewerbung Angaben zur sozialen Lage zu machen. Zur Sicherung der Gleichstellung sind Bewerbungen qualifizierter Frauen besonders willkommen. Schwerbehinderte Bewerber_innen werden bei gleicher Eignung bevorzugt. Bewerbungen von Menschen mit Migrationshintergrund sind ausdr\u00fccklich erw\u00fcnscht. Da keine R\u00fccksendung von Unterlagen erfolgt, wird gebeten, auf die Herreichung von Bewerbungsmappen zu verzichten und ausschlie\u00dflich Kopien vorzulegen.",
        "main_image_id": "",
        "featured": "f",
        "image_carousel": "[]",
        "body_de": "Bewerbungszeitraum:  14.07.2016 bis 30.09.2016Besch\u00e4ftigungsbeginn: 01.10.2016Besch\u00e4ftigungszeitraum: bis zum 31.10.2017Besch\u00e4ftigungsumfang: 41 Stunden im MonatAufgabengebiet:Mitarbeit im Projekt \\&quot;Objektorientierte, kollaborative Wissensstrukturen\\&quot;Mitarbeit bei der Entwicklung von interaktiven Funktionsprototypen (Physical Computing)Mitarbeit bei der Entwicklung von Interaktionskonzepten im Kontext von Telepr\u00e4senzMitarbeit beim Aufbau einer Web-Applikation zum Annotieren, Dokumentieren und Kommunizieren objektzentrierter Entwurfs- und ForschungsprozesseRechercheAnforderungen:Studium eines einschl\u00e4gigen Fachgebiets (Informatik, Wirtschaftsinformatik oder verwandte Disziplinen)Kenntnisse im Bereich des Physical Computing (z.B. Arduino, Rasperry PI)Grundkenntnisse in Programmier- und Skriptsprachen, idealerweise gute Kenntnisse im Bereich Webprogrammierung (HTML, Javascript)Erfahrung mit Datenbank-Anwendung (z.B. CouchDB)Kommunikationsf\u00e4higkeit im interdisziplin\u00e4rem KontextTeamf\u00e4higkeit und selbstst\u00e4ndiges ArbeitenGute englische SprachkenntnisseIdealerweise erste praktische Erfahrungen im Bereich IT-SystemadministrationBewerbungen sind bis zum 30.09.2016 unter Angabe der Kennziffer KSBF/76/2016 zu richten an Humboldt-Universit\u00e4t zu Berlin, Exzellenzcluster Bild Wissen Gestaltung, Frau Prof. Dr. M\u00fcller-Birn, Unter Linden 6, 10099 Berlin ausschlie\u00dflich per E-Mail in EINER PDF-Datei an bwg.bewerbungen@hu-berlin.de. Es wird darum gebeten, in der Bewerbung Angaben zur sozialen Lage zu machen. Zur Sicherung der Gleichstellung sind Bewerbungen qualifizierter Frauen besonders willkommen. Schwerbehinderte Bewerber_innen werden bei gleicher Eignung bevorzugt. Bewerbungen von Menschen mit Migrationshintergrund sind ausdr\u00fccklich erw\u00fcnscht. Da keine R\u00fccksendung von Unterlagen erfolgt, wird gebeten, auf die Herreichung von Bewerbungsmappen zu verzichten und ausschlie\u00dflich Kopien vorzulegen.",
        "body_en": "",
        "body_es": "",
        "search_description_de": "",
        "search_description_en": "",
        "search_description_es": "",
        "seo_title_de": "",
        "seo_title_en": "",
        "seo_title_es": "",
        "slug_de": "studentische-hilfskraft-kennziffer-ksbf762016",
        "slug_en": "",
        "slug_es": "",
        "title_de": "Studentische Hilfskraft - Kennziffer: KSBF/76/2016",
        "title_en": "",
        "title_es": "",
        "url_path_de": "/home/studentische-hilfskraft-kennziffer-ksbf762016/",
        "url_path_en": "",
        "url_path_es": "",
        "main_image_caption": "",
        "main_image_caption_de": "",
        "main_image_caption_en": "",
        "main_image_caption_es": "",
        "gefoerdert_durch_img_id": "",
        "active": "1",
        "urls": "",
        "filename": "content_job.json",
        "content_job_TO_public.content_mitglied": [
            "515"
        ],
        "content_job_TO_content_projekt": [
            "109"
        ],
        "categories": [
            "4",
            "3"
        ]
    },
    {
        "page_ptr_id": "2360",
        "date": "2016-08-31",
        "body": "Bewerbungszeitraum:  31.08.2016 bis 21.09.2016Besch\u00e4ftigungsbeginn: 01.10.2016Besch\u00e4ftigungszeitraum: bis zum 31.07.2017Besch\u00e4ftigungsumfang: 41 Stunden im MonatAufgabengebiet:Mitarbeit im Projekt \u00bbArchitekturenExperimente\u00ab und der Experimentalzone des ClustersKonzeption und Realisierung dynamischer Datenvisualisierungen mit Java ScriptAnforderungen:Studium eines einschl\u00e4gigen Fachgebiets z.B. Informatik, Informations- und BibliothekswissenschaftenInteresse an DatenvisualisierungJava Script KenntnisseErfahrung mit Node.js, JSON und d3.js von VorteilTeamf\u00e4higkeit und Eigenverantwortunggute Deutschkenntnisse und/oder sehr gute EnglischkenntnisseBewerbungen sind bis zum 21.09.2016 unter Angabe der Kennziffer KSBF/146/2016 zu richten an Humboldt-Universit\u00e4t zu Berlin, Exzellenzcluster Bild Wissen Gestaltung, Herrn Friedrich Schmidgall, Unter Linden 6, 10099 Berlin ausschlie\u00dflich per E-Mail in EINER PDF-Datei an bwg.bewerbungen@hu-berlin.de. Es wird darum gebeten, in der Bewerbung Angaben zur sozialen Lage zu machen. Zur Sicherung der Gleichstellung sind Bewerbungen qualifizierter Frauen besonders willkommen. Schwerbehinderte Bewerber_innen werden bei gleicher Eignung bevorzugt. Bewerbungen von Menschen mit Migrationshintergrund sind ausdr\u00fccklich erw\u00fcnscht. Da keine R\u00fccksendung von Unterlagen erfolgt, wird gebeten, auf die Herreichung von Bewerbungsmappen zu verzichten und ausschlie\u00dflich Kopien vorzulegen.",
        "main_image_id": "",
        "featured": "f",
        "image_carousel": "[]",
        "body_de": "Bewerbungszeitraum:  31.08.2016 bis 21.09.2016Besch\u00e4ftigungsbeginn: 01.10.2016Besch\u00e4ftigungszeitraum: bis zum 31.07.2017Besch\u00e4ftigungsumfang: 41 Stunden im MonatAufgabengebiet:Mitarbeit im Projekt \u00bbArchitekturenExperimente\u00ab und der Experimentalzone des ClustersKonzeption und Realisierung dynamischer Datenvisualisierungen mit Java ScriptAnforderungen:Studium eines einschl\u00e4gigen Fachgebiets z.B. Informatik, Informations- und BibliothekswissenschaftenInteresse an DatenvisualisierungJava Script KenntnisseErfahrung mit Node.js, JSON und d3.js von VorteilTeamf\u00e4higkeit und Eigenverantwortunggute Deutschkenntnisse und/oder sehr gute EnglischkenntnisseBewerbungen sind bis zum 21.09.2016 unter Angabe der Kennziffer KSBF/146/2016 zu richten an Humboldt-Universit\u00e4t zu Berlin, Exzellenzcluster Bild Wissen Gestaltung, Herrn Friedrich Schmidgall, Unter Linden 6, 10099 Berlin ausschlie\u00dflich per E-Mail in EINER PDF-Datei an bwg.bewerbungen@hu-berlin.de. Es wird darum gebeten, in der Bewerbung Angaben zur sozialen Lage zu machen. Zur Sicherung der Gleichstellung sind Bewerbungen qualifizierter Frauen besonders willkommen. Schwerbehinderte Bewerber_innen werden bei gleicher Eignung bevorzugt. Bewerbungen von Menschen mit Migrationshintergrund sind ausdr\u00fccklich erw\u00fcnscht. Da keine R\u00fccksendung von Unterlagen erfolgt, wird gebeten, auf die Herreichung von Bewerbungsmappen zu verzichten und ausschlie\u00dflich Kopien vorzulegen.",
        "body_en": "",
        "body_es": "",
        "search_description_de": "",
        "search_description_en": "",
        "search_description_es": "",
        "seo_title_de": "",
        "seo_title_en": "",
        "seo_title_es": "",
        "slug_de": "studentische-hilfskraft-kennziffer-ksbf1462016",
        "slug_en": "",
        "slug_es": "",
        "title_de": "Studentische Hilfskraft - Kennziffer: KSBF/146/2016",
        "title_en": "",
        "title_es": "",
        "url_path_de": "/home/studentische-hilfskraft-kennziffer-ksbf1462016/",
        "url_path_en": "",
        "url_path_es": "",
        "main_image_caption": "",
        "main_image_caption_de": "",
        "main_image_caption_en": "",
        "main_image_caption_es": "",
        "gefoerdert_durch_img_id": "",
        "active": "1",
        "urls": "",
        "filename": "content_job.json",
        "content_job_TO_public.content_mitglied": [
            "273"
        ],
        "content_job_TO_content_projekt": [
            "14"
        ],
        "categories": [
            "4",
            "3"
        ]
    },
    {
        "page_ptr_id": "2578",
        "date": "2016-09-15",
        "body": "An der HU Berlin ist im Exzellenzcluster Bild Wissen Gestaltung, Projekt Rhizom (Genderforschung in der Vernetzung von Natur- und Geisteswissenschaften, ausfu\u0308hrend geleitet von PD Dr. Bettina Bock von Wu\u0308lfingen) vom 01.11.2016 bis zum 31.07.2017 ein Stipendium/ ein Gastwissenschaftler_innenvertrag fu\u0308r eine Person in der Position der_des Postdoc oder der fortgeschrittenen Promotion ausgeschrieben: Genderforschung mit dem inhaltlichen Schwerpunkt der Auseinandersetzung mit Themen der Naturwissenschaft, Technik und/oder (digitaler, technischer) Gestaltung (Doktorand_in: \u20ac 1.300 bzw. Postdoktorand_in: \u20ac 1.853 plus ggf. Kinderzulage).Zu den Kernaufgaben und T\u00e4tigkeitsschwerpunkten z\u00e4hlen die Fortfu\u0308hrung der eigenen Forschung im entsprechenden Gebiet, sowie Beitr\u00e4ge zur Erweiterung und Intensivierung von Geschlechter-Forschung und -Wissen im Rhizom mit diesem inhaltlichen Schwerpunkt und in Kooperation mit anderen Cluster-Angeh\u00f6rigen aus den entsprechenden naturwissenschaftlich-technischen Forschungsgebieten. Das Gender-Projekt Rhizom arbeitet momentan an drei Vorhaben: einem Projekt zur Gender-Konnotation von Farben in den Wissenschaften (in historischer Perspektive), einem weiteren zu Materie/Material und Bewegung (bzw. new materialism und Beziehungen) sowie Raum und Geschlecht \u2013 weitere Themen sind denkbar.Bewerbungsschluss ist am 18.10.2016. Bitte senden Sie Ihre Bewerbung (Anschreiben, Motivationsschreiben von max. einer Seite und CV) an Florian.Bodewald.1000@huberlin.de. Am 20. und 21.10. werden die Interviews per Skype gefu\u0308hrt.",
        "main_image_id": "",
        "featured": "f",
        "image_carousel": "[]",
        "body_de": "An der HU Berlin ist im Exzellenzcluster Bild Wissen Gestaltung, Projekt Rhizom (Genderforschung in der Vernetzung von Natur- und Geisteswissenschaften, ausfu\u0308hrend geleitet von PD Dr. Bettina Bock von Wu\u0308lfingen) vom 01.11.2016 bis zum 31.07.2017 ein Stipendium/ ein Gastwissenschaftler_innenvertrag fu\u0308r eine Person in der Position der_des Postdoc oder der fortgeschrittenen Promotion ausgeschrieben: Genderforschung mit dem inhaltlichen Schwerpunkt der Auseinandersetzung mit Themen der Naturwissenschaft, Technik und/oder (digitaler, technischer) Gestaltung (Doktorand_in: \u20ac 1.300 bzw. Postdoktorand_in: \u20ac 1.853 plus ggf. Kinderzulage).Zu den Kernaufgaben und T\u00e4tigkeitsschwerpunkten z\u00e4hlen die Fortfu\u0308hrung der eigenen Forschung im entsprechenden Gebiet, sowie Beitr\u00e4ge zur Erweiterung und Intensivierung von Geschlechter-Forschung und -Wissen im Rhizom mit diesem inhaltlichen Schwerpunkt und in Kooperation mit anderen Cluster-Angeh\u00f6rigen aus den entsprechenden naturwissenschaftlich-technischen Forschungsgebieten. Das Gender-Projekt Rhizom arbeitet momentan an drei Vorhaben: einem Projekt zur Gender-Konnotation von Farben in den Wissenschaften (in historischer Perspektive), einem weiteren zu Materie/Material und Bewegung (bzw. new materialism und Beziehungen) sowie Raum und Geschlecht \u2013 weitere Themen sind denkbar.Bewerbungsschluss ist am 18.10.2016. Bitte senden Sie Ihre Bewerbung (Anschreiben, Motivationsschreiben von max. einer Seite und CV) an Florian.Bodewald.1000@huberlin.de. Am 20. und 21.10. werden die Interviews per Skype gefu\u0308hrt.",
        "body_en": "",
        "body_es": "",
        "search_description_de": "",
        "search_description_en": "",
        "search_description_es": "",
        "seo_title_de": "",
        "seo_title_en": "",
        "seo_title_es": "",
        "slug_de": "postdoc-stipendium",
        "slug_en": "",
        "slug_es": "",
        "title_de": "Postdoc-Stipendium",
        "title_en": "",
        "title_es": "",
        "url_path_de": "/home/postdoc-stipendium/",
        "url_path_en": "",
        "url_path_es": "",
        "main_image_caption": "",
        "main_image_caption_de": "",
        "main_image_caption_en": "",
        "main_image_caption_es": "",
        "gefoerdert_durch_img_id": "",
        "active": "1",
        "urls": "",
        "filename": "content_job.json",
        "content_job_TO_content_projekt": [
            "1178"
        ],
        "content_job_TO_public.content_mitglied": [
            "376"
        ],
        "categories": [
            "4",
            "3"
        ]
    },
    {
        "page_ptr_id": "2333",
        "date": "2016-08-21",
        "body": "Bewerbungszeitraum:  18.08.2016 bis 22.09.2016Besch\u00e4ftigungsbeginn: 01.10.2016Besch\u00e4ftigungszeitraum: 15 MonateBesch\u00e4ftigungsumfang: 41 Stunden im MonatAufgabengebiet:Das Lautarchiv ist eine Stimm- und Sprachsammlung mit Aufnahmen aus dem 20. Jahrhundert, die am Helmholtz-Zentrum f\u00fcr Kulturtechnik betreut wird. Es wird vielf\u00e4ltig f\u00fcr HU-internet Lehrprojekte sowie nationale und internationale Forschungsprojekte sowie f\u00fcr Darstellungen in Medien und Ausstellungen genutzt. Die Stelle dient der Unterst\u00fctzung des Direktors des Helmholtz-Zentrum (\u00bbBewahrer\u00ab der Sammlung) insbesondere bei der Sammlungspflege, der Beantwortung von Anfragen und der Datenpflege in der Datenbank.Anforderungen:Studium bzw. Kenntnisse im Bereich der Kulturgeschichte, der Sound Studies und/oder der Ethnologie und verwandter F\u00e4cherKenntnisse im Umgang mit Universit\u00e4tssammlungen, m\u00f6glichst mit Sprach- und TonarchivenSprachkenntnisse: sehr gute Deutschkenntnisse, Englisch (notwendig), Franz\u00f6sisch (von Vorteil) und Grundkenntnisse mindestens einer weiteren SpracheErfahrungen in Projekten mit internationalen Partnerinnen und Partnernhohe soziale Kompetenz, Kommunikations- und Teamf\u00e4higkeit, hohe MotivationBewerbungen sind bis zum 08.09.2016 unter Angabe der Kennziffer HZK/2016/03 in elektronischer Form zu richten an Humboldt-Universit\u00e4t zu Berlin, Dr. Britta Lange, Unter Linden 6, 10099 Berlin, E-Mail: britta.lange@culture.hu-berlin.deEs wird darum gebeten, in der Bewerbung Angaben zur sozialen Lage zu machen. Zur Sicherung der Gleichstellung sind Bewerbungen qualifizierter Frauen besonders willkommen. Schwerbehinderte Bewerber_innen werden bei gleicher Eignung bevorzugt. Bewerbungen von Menschen mit Migrationshintergrund sind ausdr\u00fccklich erw\u00fcnscht. Da keine R\u00fccksendung von Unterlagen erfolgt, wird gebeten, auf die Herreichung von Bewerbungsmappen zu verzichten und ausschlie\u00dflich Kopien vorzulegen.",
        "main_image_id": "",
        "featured": "f",
        "image_carousel": "[]",
        "body_de": "Bewerbungszeitraum:  18.08.2016 bis 22.09.2016Besch\u00e4ftigungsbeginn: 01.10.2016Besch\u00e4ftigungszeitraum: 15 MonateBesch\u00e4ftigungsumfang: 41 Stunden im MonatAufgabengebiet:Das Lautarchiv ist eine Stimm- und Sprachsammlung mit Aufnahmen aus dem 20. Jahrhundert, die am Helmholtz-Zentrum f\u00fcr Kulturtechnik betreut wird. Es wird vielf\u00e4ltig f\u00fcr HU-internet Lehrprojekte sowie nationale und internationale Forschungsprojekte sowie f\u00fcr Darstellungen in Medien und Ausstellungen genutzt. Die Stelle dient der Unterst\u00fctzung des Direktors des Helmholtz-Zentrum (\u00bbBewahrer\u00ab der Sammlung) insbesondere bei der Sammlungspflege, der Beantwortung von Anfragen und der Datenpflege in der Datenbank.Anforderungen:Studium bzw. Kenntnisse im Bereich der Kulturgeschichte, der Sound Studies und/oder der Ethnologie und verwandter F\u00e4cherKenntnisse im Umgang mit Universit\u00e4tssammlungen, m\u00f6glichst mit Sprach- und TonarchivenSprachkenntnisse: sehr gute Deutschkenntnisse, Englisch (notwendig), Franz\u00f6sisch (von Vorteil) und Grundkenntnisse mindestens einer weiteren SpracheErfahrungen in Projekten mit internationalen Partnerinnen und Partnernhohe soziale Kompetenz, Kommunikations- und Teamf\u00e4higkeit, hohe MotivationBewerbungen sind bis zum 08.09.2016 unter Angabe der Kennziffer HZK/2016/03 in elektronischer Form zu richten an Humboldt-Universit\u00e4t zu Berlin, Dr. Britta Lange, Unter Linden 6, 10099 Berlin, E-Mail: britta.lange@culture.hu-berlin.deEs wird darum gebeten, in der Bewerbung Angaben zur sozialen Lage zu machen. Zur Sicherung der Gleichstellung sind Bewerbungen qualifizierter Frauen besonders willkommen. Schwerbehinderte Bewerber_innen werden bei gleicher Eignung bevorzugt. Bewerbungen von Menschen mit Migrationshintergrund sind ausdr\u00fccklich erw\u00fcnscht. Da keine R\u00fccksendung von Unterlagen erfolgt, wird gebeten, auf die Herreichung von Bewerbungsmappen zu verzichten und ausschlie\u00dflich Kopien vorzulegen.",
        "body_en": "",
        "body_es": "",
        "search_description_de": "",
        "search_description_en": "",
        "search_description_es": "",
        "seo_title_de": "",
        "seo_title_en": "",
        "seo_title_es": "",
        "slug_de": "studentische-hilfskraft-kennziffer-hzk201603",
        "slug_en": "",
        "slug_es": "",
        "title_de": "Studentische Hilfskraft - Kennziffer: HZK/2016/03",
        "title_en": "",
        "title_es": "",
        "url_path_de": "/home/studentische-hilfskraft-kennziffer-hzk201603/",
        "url_path_en": "",
        "url_path_es": "",
        "main_image_caption": "",
        "main_image_caption_de": "",
        "main_image_caption_en": "",
        "main_image_caption_es": "",
        "gefoerdert_durch_img_id": "",
        "active": "1",
        "urls": "",
        "filename": "content_job.json",
        "content_job_TO_public.content_mitglied": [
            "729"
        ],
        "categories": [
            "4",
            "69"
        ]
    },
    {
        "page_ptr_id": "2008",
        "date": "2016-07-14",
        "body": "Bewerbungszeitraum:  14.07.2016 bis 30.09.2016Besch\u00e4ftigungsbeginn: 01.10.2016Besch\u00e4ftigungszeitraum: bis zum 31.10.2017Besch\u00e4ftigungsumfang: 41 Stunden im MonatAufgabengebiet:Mitarbeit im Projekt \\&quot;Objektorientierte, kollaborative Wissensstrukturen\\&quot;Mitarbeit beim Aufbau einer Web-Applikation zum Annotieren, Dokumentieren und Kommunizieren objektzentrierter Entwurfs- und ForschungsprozesseMitarbeit beim Entwickeln sog. Software AgentenRechercheAnforderungen:Studium eines einschl\u00e4gigen Fachgebiets (Informatik, Wirtschaftsinformatik oder verwandte Disziplinen)Kenntnisse in den Bereichen der Semantischen Technologien und Web-TechnologienKenntnisse im Bereich der nutzerzentrierten Softwareentwicklung und UsabilityGrundkenntnisse in Programmier- und Skriptsprachen, idealerweise gute Kenntnisse im Bereich Webprogrammierung (HTML, Javascript)Erfahrung mit Datenbank-Anwendungen (z.B. CouchDB)Kommunikationsf\u00e4higkeit im interdisziplin\u00e4rem KontextTeamf\u00e4higkeit und selbstst\u00e4ndiges ArbeitenGute englische SprachkenntnisseIdealerweise erste praktische Erfahrungen im Bereich IT-SystemadministrationBewerbungen sind bis zum 30.09.2016 unter Angabe der Kennziffer KSBF/75/2016 zu richten an Humboldt-Universit\u00e4t zu Berlin, Exzellenzcluster Bild Wissen Gestaltung, Frau Prof. Dr. M\u00fcller-Birn, Unter Linden 6, 10099 Berlin ausschlie\u00dflich per E-Mail in EINER PDF-Datei an bwg.bewerbungen@hu-berlin.de. Es wird darum gebeten, in der Bewerbung Angaben zur sozialen Lage zu machen. Zur Sicherung der Gleichstellung sind Bewerbungen qualifizierter Frauen besonders willkommen. Schwerbehinderte Bewerber_innen werden bei gleicher Eignung bevorzugt. Bewerbungen von Menschen mit Migrationshintergrund sind ausdr\u00fccklich erw\u00fcnscht. Da keine R\u00fccksendung von Unterlagen erfolgt, wird gebeten, auf die Herreichung von Bewerbungsmappen zu verzichten und ausschlie\u00dflich Kopien vorzulegen.",
        "main_image_id": "",
        "featured": "f",
        "image_carousel": "[]",
        "body_de": "Bewerbungszeitraum:  14.07.2016 bis 30.09.2016Besch\u00e4ftigungsbeginn: 01.10.2016Besch\u00e4ftigungszeitraum: bis zum 31.10.2017Besch\u00e4ftigungsumfang: 41 Stunden im MonatAufgabengebiet:Mitarbeit im Projekt \\&quot;Objektorientierte, kollaborative Wissensstrukturen\\&quot;Mitarbeit beim Aufbau einer Web-Applikation zum Annotieren, Dokumentieren und Kommunizieren objektzentrierter Entwurfs- und ForschungsprozesseMitarbeit beim Entwickeln sog. Software AgentenRechercheAnforderungen:Studium eines einschl\u00e4gigen Fachgebiets (Informatik, Wirtschaftsinformatik oder verwandte Disziplinen)Kenntnisse in den Bereichen der Semantischen Technologien und Web-TechnologienKenntnisse im Bereich der nutzerzentrierten Softwareentwicklung und UsabilityGrundkenntnisse in Programmier- und Skriptsprachen, idealerweise gute Kenntnisse im Bereich Webprogrammierung (HTML, Javascript)Erfahrung mit Datenbank-Anwendungen (z.B. CouchDB)Kommunikationsf\u00e4higkeit im interdisziplin\u00e4rem KontextTeamf\u00e4higkeit und selbstst\u00e4ndiges ArbeitenGute englische SprachkenntnisseIdealerweise erste praktische Erfahrungen im Bereich IT-SystemadministrationBewerbungen sind bis zum 30.09.2016 unter Angabe der Kennziffer KSBF/75/2016 zu richten an Humboldt-Universit\u00e4t zu Berlin, Exzellenzcluster Bild Wissen Gestaltung, Frau Prof. Dr. M\u00fcller-Birn, Unter Linden 6, 10099 Berlin ausschlie\u00dflich per E-Mail in EINER PDF-Datei an bwg.bewerbungen@hu-berlin.de. Es wird darum gebeten, in der Bewerbung Angaben zur sozialen Lage zu machen. Zur Sicherung der Gleichstellung sind Bewerbungen qualifizierter Frauen besonders willkommen. Schwerbehinderte Bewerber_innen werden bei gleicher Eignung bevorzugt. Bewerbungen von Menschen mit Migrationshintergrund sind ausdr\u00fccklich erw\u00fcnscht. Da keine R\u00fccksendung von Unterlagen erfolgt, wird gebeten, auf die Herreichung von Bewerbungsmappen zu verzichten und ausschlie\u00dflich Kopien vorzulegen.",
        "body_en": "",
        "body_es": "",
        "search_description_de": "",
        "search_description_en": "",
        "search_description_es": "",
        "seo_title_de": "",
        "seo_title_en": "",
        "seo_title_es": "",
        "slug_de": "studentische-hilfskraft-kennziffer-ksbf752016",
        "slug_en": "",
        "slug_es": "",
        "title_de": "Studentische Hilfskraft - Kennziffer: KSBF/75/2016",
        "title_en": "",
        "title_es": "",
        "url_path_de": "/home/studentische-hilfskraft-kennziffer-ksbf752016/",
        "url_path_en": "",
        "url_path_es": "",
        "main_image_caption": "",
        "main_image_caption_de": "",
        "main_image_caption_en": "",
        "main_image_caption_es": "",
        "gefoerdert_durch_img_id": "",
        "active": "1",
        "urls": "",
        "filename": "content_job.json",
        "content_job_TO_public.content_mitglied": [
            "515"
        ],
        "content_job_TO_content_projekt": [
            "109"
        ],
        "categories": [
            "4",
            "3"
        ]
    }
]