[
    {
        "page_ptr_id": "46",
        "date": "2016-04-01",
        "body": "Newsletter 10",
        "main_image_id": "638",
        "featured": "f",
        "image_carousel": "[{\\&quot;value\\&quot;: [{\\&quot;image\\&quot;: 639}, {\\&quot;image\\&quot;: 640}, {\\&quot;image\\&quot;: 642}, {\\&quot;image\\&quot;: 643}, {\\&quot;image\\&quot;: 644}, {\\&quot;image\\&quot;: 645}, {\\&quot;image\\&quot;: 646}, {\\&quot;image\\&quot;: 647}, {\\&quot;image\\&quot;: 648}, {\\&quot;image\\&quot;: 649}, {\\&quot;image\\&quot;: 650}, {\\&quot;image\\&quot;: 651}, {\\&quot;image\\&quot;: 652}, {\\&quot;image\\&quot;: 653}, {\\&quot;image\\&quot;: 654}, {\\&quot;image\\&quot;: 655}, {\\&quot;image\\&quot;: 656}, {\\&quot;image\\&quot;: 657}, {\\&quot;image\\&quot;: 658}, {\\&quot;image\\&quot;: 659}, {\\&quot;image\\&quot;: 660}, {\\&quot;image\\&quot;: 662}, {\\&quot;image\\&quot;: 663}, {\\&quot;image\\&quot;: 664}, {\\&quot;image\\&quot;: 665}], \\&quot;type\\&quot;: \\&quot;image_carousel\\&quot;}]",
        "body_de": "Newsletter 10",
        "body_en": "Newsletter 10",
        "body_es": "El bulet\u00edn del Cluster# 10",
        "search_description_de": "",
        "search_description_en": "",
        "search_description_es": "",
        "seo_title_de": "",
        "seo_title_en": "",
        "seo_title_es": "",
        "slug_de": "newsletter-interdisziplinares-labor-10",
        "slug_en": "",
        "slug_es": "",
        "title_de": "Newsletter Interdisziplin\u00e4res Labor #10",
        "title_en": "Newsletter# 10",
        "title_es": "El bulet\u00edn del Cluster# 10",
        "url_path_de": "/home/newsletter-interdisziplinares-labor-10/",
        "url_path_en": "",
        "url_path_es": "",
        "main_image_caption": "",
        "main_image_caption_de": "",
        "main_image_caption_en": "",
        "main_image_caption_es": "",
        "gefoerdert_durch_img_id": "",
        "active": "1",
        "urls": "",
        "filename": "public.content_newsletter.json",
        "categories": [
            "91",
            "92"
        ]
    },
    {
        "page_ptr_id": "36",
        "date": "2014-05-01",
        "body": "Newsletter 3",
        "main_image_id": "25",
        "featured": "f",
        "image_carousel": "[]",
        "body_de": "Newsletter 3",
        "body_en": "Newsletter 3",
        "body_es": "El bulet\u00edn del Cluster# 3",
        "search_description_de": "",
        "search_description_en": "",
        "search_description_es": "",
        "seo_title_de": "",
        "seo_title_en": "",
        "seo_title_es": "",
        "slug_de": "newsletterinterdisziplinares-labor-3",
        "slug_en": "",
        "slug_es": "",
        "title_de": "NewsletterInterdisziplin\u00e4res Labor # 3",
        "title_en": "Newsletter# 3",
        "title_es": "El bulet\u00edn del Cluster# 3",
        "url_path_de": "/home/newsletterinterdisziplinares-labor-3/",
        "url_path_en": "",
        "url_path_es": "",
        "main_image_caption": "",
        "main_image_caption_de": "",
        "main_image_caption_en": "",
        "main_image_caption_es": "",
        "gefoerdert_durch_img_id": "",
        "active": "1",
        "urls": "",
        "filename": "public.content_newsletter.json",
        "categories": [
            "91",
            "92"
        ]
    },
    {
        "page_ptr_id": "35",
        "date": "2014-03-01",
        "body": "Newsletter 2",
        "main_image_id": "24",
        "featured": "f",
        "image_carousel": "[]",
        "body_de": "Newsletter 2",
        "body_en": "Newsletter 2",
        "body_es": "",
        "search_description_de": "",
        "search_description_en": "",
        "search_description_es": "",
        "seo_title_de": "",
        "seo_title_en": "",
        "seo_title_es": "",
        "slug_de": "newsletter-interdisziplinares-labor-2",
        "slug_en": "",
        "slug_es": "",
        "title_de": "Newsletter Interdisziplin\u00e4res Labor # 2",
        "title_en": "Newsletter# 2",
        "title_es": "",
        "url_path_de": "/home/newsletter-interdisziplinares-labor-2/",
        "url_path_en": "",
        "url_path_es": "",
        "main_image_caption": "",
        "main_image_caption_de": "",
        "main_image_caption_en": "",
        "main_image_caption_es": "",
        "gefoerdert_durch_img_id": "",
        "active": "1",
        "urls": "",
        "filename": "public.content_newsletter.json",
        "categories": [
            "91",
            "92"
        ]
    },
    {
        "page_ptr_id": "37",
        "date": "2014-10-01",
        "body": "Newsletter 4",
        "main_image_id": "26",
        "featured": "f",
        "image_carousel": "[]",
        "body_de": "Newsletter 4",
        "body_en": "Newsletter 4",
        "body_es": "El bulet\u00edn del Cluster# 4",
        "search_description_de": "",
        "search_description_en": "",
        "search_description_es": "",
        "seo_title_de": "",
        "seo_title_en": "",
        "seo_title_es": "",
        "slug_de": "newsletter-interdiziplinares-labor-4",
        "slug_en": "",
        "slug_es": "",
        "title_de": "Newsletter Interdiziplin\u00e4res Labor #4",
        "title_en": "Newsletter# 4",
        "title_es": "El bulet\u00edn del Cluster# 4",
        "url_path_de": "/home/newsletter-interdiziplinares-labor-4/",
        "url_path_en": "",
        "url_path_es": "",
        "main_image_caption": "",
        "main_image_caption_de": "",
        "main_image_caption_en": "",
        "main_image_caption_es": "",
        "gefoerdert_durch_img_id": "",
        "active": "1",
        "urls": "",
        "filename": "public.content_newsletter.json",
        "categories": [
            "91",
            "92"
        ]
    },
    {
        "page_ptr_id": "45",
        "date": "2015-12-01",
        "body": "Newsletter 9",
        "main_image_id": "32",
        "featured": "f",
        "image_carousel": "[]",
        "body_de": "Newsletter 9",
        "body_en": "Newsletter 9",
        "body_es": "El bulet\u00edn del Cluster# 9",
        "search_description_de": "",
        "search_description_en": "",
        "search_description_es": "",
        "seo_title_de": "",
        "seo_title_en": "",
        "seo_title_es": "",
        "slug_de": "newsletter-interdisziplinares-labor-9",
        "slug_en": "",
        "slug_es": "",
        "title_de": "Newsletter Interdisziplin\u00e4res Labor #9",
        "title_en": "Newsletter# 9",
        "title_es": "El bulet\u00edn del Cluster# 9",
        "url_path_de": "/home/newsletter-interdisziplinares-labor-9/",
        "url_path_en": "",
        "url_path_es": "",
        "main_image_caption": "",
        "main_image_caption_de": "",
        "main_image_caption_en": "",
        "main_image_caption_es": "",
        "gefoerdert_durch_img_id": "",
        "active": "1",
        "urls": "",
        "filename": "public.content_newsletter.json",
        "public.content_newsletter_TO_public.content_event": [
            "89"
        ],
        "categories": [
            "91",
            "92"
        ]
    },
    {
        "page_ptr_id": "40",
        "date": "2014-12-01",
        "body": "Newsletter 5",
        "main_image_id": "27",
        "featured": "f",
        "image_carousel": "[]",
        "body_de": "Newsletter 5",
        "body_en": "Newsletter 5",
        "body_es": "El bulet\u00edn del Cluster# 5",
        "search_description_de": "",
        "search_description_en": "",
        "search_description_es": "",
        "seo_title_de": "",
        "seo_title_en": "",
        "seo_title_es": "",
        "slug_de": "newsletter-interdisziplinares-labor-5",
        "slug_en": "",
        "slug_es": "",
        "title_de": "Newsletter Interdisziplin\u00e4res Labor #5",
        "title_en": "Newsletter #5",
        "title_es": "El bulet\u00edn del Cluster# 5",
        "url_path_de": "/home/newsletter-interdisziplinares-labor-5/",
        "url_path_en": "",
        "url_path_es": "",
        "main_image_caption": "",
        "main_image_caption_de": "",
        "main_image_caption_en": "",
        "main_image_caption_es": "",
        "gefoerdert_durch_img_id": "",
        "active": "1",
        "urls": "",
        "filename": "public.content_newsletter.json",
        "categories": [
            "91",
            "92"
        ]
    },
    {
        "page_ptr_id": "41",
        "date": "2015-05-01",
        "body": "Newsletter 6",
        "main_image_id": "28",
        "featured": "f",
        "image_carousel": "[]",
        "body_de": "Newsletter 6",
        "body_en": "Newsletter 6",
        "body_es": "El bulet\u00edn del Cluster# 6",
        "search_description_de": "",
        "search_description_en": "",
        "search_description_es": "",
        "seo_title_de": "",
        "seo_title_en": "",
        "seo_title_es": "",
        "slug_de": "newsletter-interdiszplinares-labor-6",
        "slug_en": "",
        "slug_es": "",
        "title_de": "Newsletter Interdiszplin\u00e4res Labor #6",
        "title_en": "Newsletter# 6",
        "title_es": "El bulet\u00edn del Cluster# 6",
        "url_path_de": "/home/newsletter-interdiszplinares-labor-6/",
        "url_path_en": "",
        "url_path_es": "",
        "main_image_caption": "",
        "main_image_caption_de": "",
        "main_image_caption_en": "",
        "main_image_caption_es": "",
        "gefoerdert_durch_img_id": "",
        "active": "1",
        "urls": "",
        "filename": "public.content_newsletter.json",
        "categories": [
            "92",
            "91"
        ]
    },
    {
        "page_ptr_id": "42",
        "date": "2015-07-01",
        "body": "Newsletter 7",
        "main_image_id": "29",
        "featured": "f",
        "image_carousel": "[]",
        "body_de": "Newsletter 7",
        "body_en": "Newsletter 7",
        "body_es": "El bulet\u00edn del Cluster# 7",
        "search_description_de": "",
        "search_description_en": "",
        "search_description_es": "",
        "seo_title_de": "",
        "seo_title_en": "",
        "seo_title_es": "",
        "slug_de": "newsletter-interdisziplinares-labor-7",
        "slug_en": "",
        "slug_es": "",
        "title_de": "Newsletter Interdisziplin\u00e4res Labor #7",
        "title_en": "Newsletter# 7",
        "title_es": "El bulet\u00edn del Cluster# 7",
        "url_path_de": "/home/newsletter-interdisziplinares-labor-7/",
        "url_path_en": "",
        "url_path_es": "",
        "main_image_caption": "",
        "main_image_caption_de": "",
        "main_image_caption_en": "",
        "main_image_caption_es": "",
        "gefoerdert_durch_img_id": "",
        "active": "1",
        "urls": "",
        "filename": "public.content_newsletter.json",
        "categories": [
            "92",
            "91"
        ]
    },
    {
        "page_ptr_id": "43",
        "date": "2015-10-01",
        "body": "Newsletter 8",
        "main_image_id": "30",
        "featured": "f",
        "image_carousel": "[]",
        "body_de": "Newsletter 8",
        "body_en": "Newsletter 8",
        "body_es": "El bulet\u00edn del Cluster# 8",
        "search_description_de": "",
        "search_description_en": "",
        "search_description_es": "",
        "seo_title_de": "",
        "seo_title_en": "",
        "seo_title_es": "",
        "slug_de": "newsletter-interdisziplinares-labor-8",
        "slug_en": "",
        "slug_es": "",
        "title_de": "Newsletter Interdisziplin\u00e4res Labor #8",
        "title_en": "Newsletter# 8",
        "title_es": "El bulet\u00edn del Cluster# 8",
        "url_path_de": "/home/newsletter-interdisziplinares-labor-8/",
        "url_path_en": "",
        "url_path_es": "",
        "main_image_caption": "",
        "main_image_caption_de": "",
        "main_image_caption_en": "",
        "main_image_caption_es": "",
        "gefoerdert_durch_img_id": "",
        "active": "1",
        "urls": "",
        "filename": "public.content_newsletter.json",
        "categories": [
            "92",
            "91"
        ]
    },
    {
        "page_ptr_id": "17",
        "date": "2013-11-01",
        "body": "Newsletter 1",
        "main_image_id": "23",
        "featured": "f",
        "image_carousel": "[]",
        "body_de": "Newsletter 1",
        "body_en": "Newsletter 1",
        "body_es": "",
        "search_description_de": "",
        "search_description_en": "",
        "search_description_es": "",
        "seo_title_de": "",
        "seo_title_en": "",
        "seo_title_es": "",
        "slug_de": "newsletter-interdisziplinares-labor-1",
        "slug_en": "",
        "slug_es": "",
        "title_de": "Newsletter Interdisziplin\u00e4res Labor #1",
        "title_en": "",
        "title_es": "",
        "url_path_de": "/home/newsletter-interdisziplinares-labor-1/",
        "url_path_en": "",
        "url_path_es": "",
        "main_image_caption": "",
        "main_image_caption_de": "",
        "main_image_caption_en": "",
        "main_image_caption_es": "",
        "gefoerdert_durch_img_id": "",
        "active": "1",
        "urls": "",
        "filename": "public.content_newsletter.json",
        "categories": [
            "91",
            "92"
        ]
    }
]