[
    {
        "id": "1",
        "url": "https://vimeo.com/72477323",
        "max_width": "",
        "type": "video",
        "html": "",
        "title": "Interview: \\&quot;Shroud\\&quot; by Jodie Carey at the Anatomical Theater in Berlin",
        "author_name": "Berlin Art Link",
        "provider_name": "Vimeo",
        "thumbnail_url": "https://i.vimeocdn.com/video/446425709_640.jpg",
        "width": "640",
        "height": "360",
        "last_updated": "2016-07-06 12:00:17.633135+02",
        "urls": "https://vimeo.com/72477323 https://player.vimeo.com/video/72477323 https://i.vimeocdn.com/video/446425709_640.jpg https://vimeo.com/72477323 https://player.vimeo.com/video/72477323 https://i.vimeocdn.com/video/446425709_640.jpg"
    },
    {
        "id": "2",
        "url": "https://vimeo.com/173746465",
        "max_width": "",
        "type": "video",
        "html": "",
        "title": "KOSMOS Summer University 2013 \u00bbModern Walking. Innovative Urban Mobility\u00ab",
        "author_name": "Bild Wissen Gestaltung",
        "provider_name": "Vimeo",
        "thumbnail_url": "https://i.vimeocdn.com/video/580239436_640.jpg",
        "width": "640",
        "height": "360",
        "last_updated": "2016-07-07 13:46:41.070995+02",
        "urls": "https://vimeo.com/173746465 https://player.vimeo.com/video/173746465 https://i.vimeocdn.com/video/580239436_640.jpg https://vimeo.com/173746465 https://player.vimeo.com/video/173746465 https://i.vimeocdn.com/video/580239436_640.jpg"
    },
    {
        "id": "3",
        "url": "https://www.youtube.com/watch?v=_UBda3Ocys0",
        "max_width": "",
        "type": "video",
        "html": "",
        "title": "Verwandlungsgeschichten: Von W\u00f6lfen und Schweinen",
        "author_name": "Tieranatomisches Theater",
        "provider_name": "YouTube",
        "thumbnail_url": "https://i.ytimg.com/vi/_UBda3Ocys0/hqdefault.jpg",
        "width": "480",
        "height": "270",
        "last_updated": "2016-07-14 11:25:46.251868+02",
        "urls": "https://www.youtube.com/watch?v=_UBda3Ocys0 https://www.youtube.com/embed/_UBda3Ocys0?feature=oembed https://i.ytimg.com/vi/_UBda3Ocys0/hqdefault.jpg https://www.youtube.com/watch?v=_UBda3Ocys0 https://www.youtube.com/embed/_UBda3Ocys0?feature=oembed https://i.ytimg.com/vi/_UBda3Ocys0/hqdefault.jpg"
    },
    {
        "id": "4",
        "url": "https://www.youtube.com/watch?v=U2IlP5Lt6Mg",
        "max_width": "",
        "type": "video",
        "html": "",
        "title": "Zur Dekonstruktion der Mensch/Tier-Grenze.",
        "author_name": "Tieranatomisches Theater",
        "provider_name": "YouTube",
        "thumbnail_url": "https://i.ytimg.com/vi/U2IlP5Lt6Mg/hqdefault.jpg",
        "width": "480",
        "height": "270",
        "last_updated": "2016-07-14 11:43:22.822816+02",
        "urls": "https://www.youtube.com/watch?v=U2IlP5Lt6Mg https://www.youtube.com/embed/U2IlP5Lt6Mg?feature=oembed https://i.ytimg.com/vi/U2IlP5Lt6Mg/hqdefault.jpg https://www.youtube.com/watch?v=U2IlP5Lt6Mg https://www.youtube.com/embed/U2IlP5Lt6Mg?feature=oembed https://i.ytimg.com/vi/U2IlP5Lt6Mg/hqdefault.jpg"
    },
    {
        "id": "5",
        "url": "https://www.youtube.com/watch?v=ytbiqJL_UT0",
        "max_width": "",
        "type": "video",
        "html": "",
        "title": "Ambivalente Verh\u00e4ltnisse: Soziologische Perspektiven auf die Mensch-Tier-Beziehung",
        "author_name": "Tieranatomisches Theater",
        "provider_name": "YouTube",
        "thumbnail_url": "https://i.ytimg.com/vi/ytbiqJL_UT0/hqdefault.jpg",
        "width": "480",
        "height": "270",
        "last_updated": "2016-07-14 12:08:29.284245+02",
        "urls": "https://www.youtube.com/watch?v=ytbiqJL_UT0 https://www.youtube.com/embed/ytbiqJL_UT0?feature=oembed https://i.ytimg.com/vi/ytbiqJL_UT0/hqdefault.jpg https://www.youtube.com/watch?v=ytbiqJL_UT0 https://www.youtube.com/embed/ytbiqJL_UT0?feature=oembed https://i.ytimg.com/vi/ytbiqJL_UT0/hqdefault.jpg"
    },
    {
        "id": "6",
        "url": "https://www.youtube.com/watch?v=A7Ok3R3paR0",
        "max_width": "",
        "type": "video",
        "html": "",
        "title": "\u201eLebende Bilder\u201c und \u201et\u00e4glich wilde Szenen\u201c.",
        "author_name": "Tieranatomisches Theater",
        "provider_name": "YouTube",
        "thumbnail_url": "https://i.ytimg.com/vi/A7Ok3R3paR0/hqdefault.jpg",
        "width": "480",
        "height": "270",
        "last_updated": "2016-07-14 12:10:28.92804+02",
        "urls": "https://www.youtube.com/watch?v=A7Ok3R3paR0 https://www.youtube.com/embed/A7Ok3R3paR0?feature=oembed https://i.ytimg.com/vi/A7Ok3R3paR0/hqdefault.jpg https://www.youtube.com/watch?v=A7Ok3R3paR0 https://www.youtube.com/embed/A7Ok3R3paR0?feature=oembed https://i.ytimg.com/vi/A7Ok3R3paR0/hqdefault.jpg"
    },
    {
        "id": "7",
        "url": "https://www.youtube.com/watch?v=Y5UFEkrpFIo",
        "max_width": "",
        "type": "video",
        "html": "",
        "title": "Die Zusammenf\u00fchrung menschlicher und tierlicher Umwelten.",
        "author_name": "Tieranatomisches Theater",
        "provider_name": "YouTube",
        "thumbnail_url": "https://i.ytimg.com/vi/Y5UFEkrpFIo/hqdefault.jpg",
        "width": "480",
        "height": "270",
        "last_updated": "2016-07-14 15:22:03.716141+02",
        "urls": "https://www.youtube.com/watch?v=Y5UFEkrpFIo https://www.youtube.com/embed/Y5UFEkrpFIo?feature=oembed https://i.ytimg.com/vi/Y5UFEkrpFIo/hqdefault.jpg https://www.youtube.com/watch?v=Y5UFEkrpFIo https://www.youtube.com/embed/Y5UFEkrpFIo?feature=oembed https://i.ytimg.com/vi/Y5UFEkrpFIo/hqdefault.jpg"
    }
]