[
    {
        "id": "1",
        "title": "CV Hans Wurst",
        "file": "documents/Richtlinie_befr_Mittelbau_nach_Novelle_WissZeitVG_08_02_2016_ohne_Markierungen.pdf",
        "created_at": "2016-04-19 11:15:31.208719+02",
        "uploaded_by_user_id": "9",
        "urls": ""
    },
    {
        "id": "2",
        "title": "Newsletter 9",
        "file": "documents/BWG_Newsletter_9_DE.pdf",
        "created_at": "2016-04-19 16:41:31.624765+02",
        "uploaded_by_user_id": "6",
        "urls": ""
    },
    {
        "id": "3",
        "title": "Newsletter 1",
        "file": "documents/BWG_Newsletter_1_web.pdf",
        "created_at": "2016-04-19 16:41:55.790046+02",
        "uploaded_by_user_id": "6",
        "urls": ""
    },
    {
        "id": "4",
        "title": "Newsletter 2",
        "file": "documents/BWG_Newsletter_2.pdf",
        "created_at": "2016-04-19 16:42:14.076915+02",
        "uploaded_by_user_id": "6",
        "urls": ""
    },
    {
        "id": "5",
        "title": "Newsletter 3",
        "file": "documents/BWG_Newsletter_3_DE_0.pdf",
        "created_at": "2016-04-19 16:42:30.977823+02",
        "uploaded_by_user_id": "6",
        "urls": ""
    },
    {
        "id": "6",
        "title": "Newsletter 4",
        "file": "documents/BWG_Newsletter_4.pdf",
        "created_at": "2016-04-19 16:42:48.369253+02",
        "uploaded_by_user_id": "6",
        "urls": ""
    },
    {
        "id": "7",
        "title": "Newsletter 5",
        "file": "documents/BWG_Newsletter_5.de_.pdf",
        "created_at": "2016-04-19 16:43:05.938986+02",
        "uploaded_by_user_id": "6",
        "urls": ""
    },
    {
        "id": "8",
        "title": "Newsletter 6",
        "file": "documents/BWG_Newsletter_6.pdf",
        "created_at": "2016-04-19 16:43:27.34926+02",
        "uploaded_by_user_id": "6",
        "urls": ""
    },
    {
        "id": "9",
        "title": "Newsletter 7",
        "file": "documents/BWG_Newsletter7.pdf",
        "created_at": "2016-04-19 16:44:17.969087+02",
        "uploaded_by_user_id": "6",
        "urls": ""
    },
    {
        "id": "10",
        "title": "Newsletter 8",
        "file": "documents/Newsletter_8.pdf",
        "created_at": "2016-04-19 16:44:42.874509+02",
        "uploaded_by_user_id": "6",
        "urls": ""
    },
    {
        "id": "11",
        "title": "Newsletter 9",
        "file": "documents/BWG_Newsletter_9_DE_sfnoYJe.pdf",
        "created_at": "2016-04-19 18:26:40.308523+02",
        "uploaded_by_user_id": "6",
        "urls": ""
    },
    {
        "id": "12",
        "title": "Newsletter 10",
        "file": "documents/BWG_Newsletter_10.pdf",
        "created_at": "2016-04-19 18:27:48.875993+02",
        "uploaded_by_user_id": "6",
        "urls": ""
    },
    {
        "id": "13",
        "title": "Programmheft 2. Jahrestagung",
        "file": "documents/bwg-programmheft-jt_2015-11-09_web.pdf",
        "created_at": "2016-04-19 18:33:05.334987+02",
        "uploaded_by_user_id": "5",
        "urls": ""
    },
    {
        "id": "14",
        "title": "Newsletter 1",
        "file": "documents/BWG_Newsletter_1_EN.pdf",
        "created_at": "2016-04-20 11:06:51.018266+02",
        "uploaded_by_user_id": "6",
        "urls": ""
    },
    {
        "id": "15",
        "title": "Newsletter 2",
        "file": "documents/BWG_Newsletter_2_EN.pdf",
        "created_at": "2016-04-20 11:08:12.419513+02",
        "uploaded_by_user_id": "6",
        "urls": ""
    },
    {
        "id": "16",
        "title": "El bulet\u00edn del Cluster# 3",
        "file": "documents/BWG_boletin_3_.pdf",
        "created_at": "2016-04-20 11:09:43.863849+02",
        "uploaded_by_user_id": "6",
        "urls": ""
    },
    {
        "id": "17",
        "title": "Newsletter 3",
        "file": "documents/BWG_Newsletter_3_en_komprimiert.pdf",
        "created_at": "2016-04-20 11:10:14.301092+02",
        "uploaded_by_user_id": "6",
        "urls": ""
    },
    {
        "id": "18",
        "title": "Newsletter 4",
        "file": "documents/BWG_Newsletter_4_en.pdf",
        "created_at": "2016-04-20 11:11:11.957917+02",
        "uploaded_by_user_id": "6",
        "urls": ""
    },
    {
        "id": "19",
        "title": "El bulet\u00edn del Cluster# 4",
        "file": "documents/Newsletter_4_ES.pdf",
        "created_at": "2016-04-20 11:11:33.406326+02",
        "uploaded_by_user_id": "6",
        "urls": ""
    },
    {
        "id": "20",
        "title": "Newsletter 5",
        "file": "documents/BWG_Newsletter_5_en.pdf",
        "created_at": "2016-04-20 11:12:39.843684+02",
        "uploaded_by_user_id": "6",
        "urls": ""
    },
    {
        "id": "21",
        "title": "El bulet\u00edn del Cluster# 5",
        "file": "documents/BWG_Newsletter_5_ES.pdf",
        "created_at": "2016-04-20 11:13:14.396802+02",
        "uploaded_by_user_id": "6",
        "urls": ""
    },
    {
        "id": "22",
        "title": "Newsletter 6",
        "file": "documents/Newsletter_6_EN.pdf",
        "created_at": "2016-04-20 11:55:59.535509+02",
        "uploaded_by_user_id": "6",
        "urls": ""
    },
    {
        "id": "23",
        "title": "El bulet\u00edn del Cluster# 6",
        "file": "documents/Newsletter_6_ES_.pdf",
        "created_at": "2016-04-20 11:56:18.708129+02",
        "uploaded_by_user_id": "6",
        "urls": ""
    },
    {
        "id": "24",
        "title": "Newsletter 7",
        "file": "documents/Newsletter_7_EN___.pdf",
        "created_at": "2016-04-20 11:57:06.310792+02",
        "uploaded_by_user_id": "6",
        "urls": ""
    },
    {
        "id": "25",
        "title": "El bulet\u00edn del Cluster# 7",
        "file": "documents/Newsletter_7_ES.pdf",
        "created_at": "2016-04-20 11:57:23.245502+02",
        "uploaded_by_user_id": "6",
        "urls": ""
    },
    {
        "id": "26",
        "title": "Newsletter 8",
        "file": "documents/BWG_Newsletter_8_EN.pdf",
        "created_at": "2016-04-20 11:58:10.256441+02",
        "uploaded_by_user_id": "6",
        "urls": ""
    },
    {
        "id": "27",
        "title": "El bulet\u00edn del Cluster# 8",
        "file": "documents/BWG_Newsletter8_es.pdf",
        "created_at": "2016-04-20 11:58:32.333489+02",
        "uploaded_by_user_id": "6",
        "urls": ""
    },
    {
        "id": "28",
        "title": "Newsletter 9",
        "file": "documents/BWG_Newsletter_9_English.pdf",
        "created_at": "2016-04-20 11:59:14.680656+02",
        "uploaded_by_user_id": "6",
        "urls": ""
    },
    {
        "id": "29",
        "title": "El bulet\u00edn del Cluster# 9",
        "file": "documents/BWG_Newsletter_9_spanisch.pdf",
        "created_at": "2016-04-20 11:59:35.356032+02",
        "uploaded_by_user_id": "6",
        "urls": ""
    },
    {
        "id": "30",
        "title": "Newsletter 10",
        "file": "documents/NL_10_BWG_EN.pdf",
        "created_at": "2016-04-20 12:00:22.443273+02",
        "uploaded_by_user_id": "6",
        "urls": ""
    },
    {
        "id": "31",
        "title": "El bulet\u00edn del Cluster# 10",
        "file": "documents/Boletin_3_2016_es__.pdf",
        "created_at": "2016-04-20 12:00:49.382905+02",
        "uploaded_by_user_id": "6",
        "urls": ""
    },
    {
        "id": "32",
        "title": "Die Anthopoz\u00e4n-K\u00fcche",
        "file": "documents/Pressemitteilung_Wissenschaftscomic_2016.pdf",
        "created_at": "2016-04-20 13:04:35.397956+02",
        "uploaded_by_user_id": "6",
        "urls": ""
    },
    {
        "id": "33",
        "title": "\u00bbDie Anthropoz\u00e4n-K\u00fcche\u00ab",
        "file": "documents/Pressemitteilung_Wissenschaftscomic_2016_Q3S4dqr.pdf",
        "created_at": "2016-04-20 13:10:06.730367+02",
        "uploaded_by_user_id": "6",
        "urls": ""
    },
    {
        "id": "34",
        "title": "Jahrestagung des Interdisziplin\u00e4ren Labors 2015",
        "file": "documents/Pressemitteilung_Jahrestagung_2015.pdf",
        "created_at": "2016-04-20 13:28:24.421049+02",
        "uploaded_by_user_id": "6",
        "urls": ""
    },
    {
        "id": "35",
        "title": "Start der Bewerbungsphase des Masterstudiengangs \u00bbOpen Design\u00ab",
        "file": "documents/Pressemitteilung_OEPN_Design.pdf",
        "created_at": "2016-04-20 13:30:18.904008+02",
        "uploaded_by_user_id": "6",
        "urls": ""
    },
    {
        "id": "36",
        "title": "Von Armf\u00fc\u00dfern, Bauchh\u00e4rlingen und Hufeisenw\u00fcrmern \u2013 Die International Society for Invertebrate Morphology tagt an der Humboldt-Universit\u00e4t",
        "file": "documents/PM_ICIM3_2014.pdf",
        "created_at": "2016-04-20 13:32:20.294981+02",
        "uploaded_by_user_id": "6",
        "urls": ""
    },
    {
        "id": "37",
        "title": "Er\u00f6ffnung der Ausstellung \u00bbSpeaking Images \u2013 Speaking of Images\u00ab",
        "file": "documents/Pressemitteilung_Speaking_Images_.pdf",
        "created_at": "2016-04-20 13:34:02.752976+02",
        "uploaded_by_user_id": "6",
        "urls": ""
    },
    {
        "id": "38",
        "title": "Er\u00f6ffnung der Ausstellung \u00bbVon Innen nach Au\u00dfen\u00ab",
        "file": "documents/Pressemitteilung_Von_Innen_nach_Aussen_0.pdf",
        "created_at": "2016-04-20 13:36:38.952394+02",
        "uploaded_by_user_id": "6",
        "urls": ""
    },
    {
        "id": "39",
        "title": "KOSMOS Summer University \u00bbModern Walking. Innovative Urban Mobility\u00ab",
        "file": "documents/PM_KOSMOS_Summer_University_ModernWalking_2013.pdf",
        "created_at": "2016-04-20 13:37:58.952436+02",
        "uploaded_by_user_id": "6",
        "urls": ""
    },
    {
        "id": "40",
        "title": "Offizielle Er\u00f6ffnung des Interdisziplin\u00e4ren Labors",
        "file": "documents/Pressemitteilung_Eroeffnung_Exzellenzcluster.pdf",
        "created_at": "2016-04-20 13:40:09.001034+02",
        "uploaded_by_user_id": "6",
        "urls": ""
    },
    {
        "id": "41",
        "title": "Einladung Jahrestagung (PDF)",
        "file": "documents/bwg-einladung-jahrestagung_2014-09-04_2.pdf",
        "created_at": "2016-04-25 20:47:55.992304+02",
        "uploaded_by_user_id": "5",
        "urls": ""
    },
    {
        "id": "42",
        "title": "Programm Jahrestagung 2014",
        "file": "documents/BWG_Jahrestagung_2014_Programm.pdf",
        "created_at": "2016-04-25 20:50:00.733275+02",
        "uploaded_by_user_id": "5",
        "urls": ""
    },
    {
        "id": "43",
        "title": "Promotionsprogramm Bild Wissen Gestaltung",
        "file": "documents/Promotionsprogramm_Bild_Wissen_Gestaltung.pdf",
        "created_at": "2016-04-26 15:10:59.942296+02",
        "uploaded_by_user_id": "5",
        "urls": ""
    },
    {
        "id": "44",
        "title": "Structured Doctoral Program Image Knowledge Gestaltung",
        "file": "documents/StructuredDoctoralProgram_ImageKnowledgeGestaltung.pdf",
        "created_at": "2016-04-26 15:56:30.923733+02",
        "uploaded_by_user_id": "5",
        "urls": ""
    },
    {
        "id": "45",
        "title": "Structured Doctoral Program Image Knowledge Gestaltung",
        "file": "documents/StructuredDoctoralProgram_ImageKnowledgeGestaltung_4FNJjpL.pdf",
        "created_at": "2016-04-26 15:58:00.534591+02",
        "uploaded_by_user_id": "5",
        "urls": ""
    },
    {
        "id": "46",
        "title": "Sammelband Themenklasse 2014",
        "file": "documents/bwg_DSptips_2014_-_Publikation_komplett_Doppelseiten_144dpi_0.pdf",
        "created_at": "2016-04-26 16:40:35.401635+02",
        "uploaded_by_user_id": "5",
        "urls": ""
    },
    {
        "id": "47",
        "title": "Plakat Themenklasse 2014",
        "file": "documents/bwg_Plakat_DStips_Fin.pdf",
        "created_at": "2016-04-26 16:42:46.038361+02",
        "uploaded_by_user_id": "5",
        "urls": ""
    },
    {
        "id": "48",
        "title": "Jahresdokumentation 2014",
        "file": "documents/BWG_Jahresdoku_2014_final___.pdf",
        "created_at": "2016-04-30 21:19:41.466841+02",
        "uploaded_by_user_id": "5",
        "urls": ""
    },
    {
        "id": "49",
        "title": "Jahresdokumentation 2014",
        "file": "documents/BWG_Jahresdoku_2014_final____btB14pb.pdf",
        "created_at": "2016-04-30 21:20:22.1436+02",
        "uploaded_by_user_id": "5",
        "urls": ""
    },
    {
        "id": "50",
        "title": "Ausschreibung Themenklasse 2016",
        "file": "documents/2016_AusschreibungThemenklasseBWG.pdf",
        "created_at": "2016-05-02 08:48:31.272975+02",
        "uploaded_by_user_id": "5",
        "urls": ""
    },
    {
        "id": "51",
        "title": "Tagungsprogramm Form und Ordnung",
        "file": "documents/Tagung_Form-und-Ordnung.pdf",
        "created_at": "2016-05-04 12:34:55.938127+02",
        "uploaded_by_user_id": "5",
        "urls": ""
    },
    {
        "id": "52",
        "title": "Presseclipping 2012-2014",
        "file": "documents/BWG_Presseclipping_2012_2014.pdf",
        "created_at": "2016-05-09 08:33:06.988836+02",
        "uploaded_by_user_id": "5",
        "urls": ""
    },
    {
        "id": "53",
        "title": "Programm Workshop The Moving Interior",
        "file": "documents/unnamed.jpg",
        "created_at": "2016-05-09 11:22:12.893324+02",
        "uploaded_by_user_id": "5",
        "urls": ""
    },
    {
        "id": "54",
        "title": "Programmheft Moving Interior",
        "file": "documents/bwg_moving-interior-folder_2015-01-15_screen.pdf",
        "created_at": "2016-05-09 11:27:22.723947+02",
        "uploaded_by_user_id": "5",
        "urls": ""
    },
    {
        "id": "55",
        "title": "Programm Transformationen des Buchdrucks",
        "file": "documents/Programm_Transformationen_des_Buchdrucks.pdf",
        "created_at": "2016-05-09 14:55:41.054083+02",
        "uploaded_by_user_id": "5",
        "urls": ""
    },
    {
        "id": "56",
        "title": "Einladung \\&quot;Innen Au\u00dfen\\&quot;",
        "file": "documents/Einladung_von_innen_nach_au\u00dfen.pdf",
        "created_at": "2016-05-10 09:11:45.962431+02",
        "uploaded_by_user_id": "5",
        "urls": ""
    },
    {
        "id": "57",
        "title": "Einladungskarte Er\u00f6ffnung",
        "file": "documents/Einladung_Er\u00f6ffnung_BWG.pdf",
        "created_at": "2016-05-11 12:05:43.211455+02",
        "uploaded_by_user_id": "5",
        "urls": ""
    },
    {
        "id": "58",
        "title": "Spreeforum Einladung",
        "file": "documents/Spreeforum_20131106.pdf",
        "created_at": "2016-05-11 14:57:37.392005+02",
        "uploaded_by_user_id": "5",
        "urls": ""
    },
    {
        "id": "59",
        "title": "Formwerdungprogamm",
        "file": "documents/Form.pdf",
        "created_at": "2016-05-11 15:10:01.125308+02",
        "uploaded_by_user_id": "5",
        "urls": ""
    },
    {
        "id": "60",
        "title": "Vorlesungsverzeichnis SoSe 2016",
        "file": "documents/VVZ_SoSe_2016.pdf",
        "created_at": "2016-05-29 14:16:45.936709+02",
        "uploaded_by_user_id": "11",
        "urls": ""
    },
    {
        "id": "61",
        "title": "Flyer Digitales Wissen",
        "file": "documents/Einladung_Wissen_digitales_Zeitalter-1.pdf",
        "created_at": "2016-06-07 11:00:02.286742+02",
        "uploaded_by_user_id": "5",
        "urls": ""
    },
    {
        "id": "62",
        "title": "Was z\u00e4hlt - Abstracts",
        "file": "documents/WasZaehltAbstracts.pdf",
        "created_at": "2016-06-21 13:45:02.177977+02",
        "uploaded_by_user_id": "5",
        "urls": ""
    },
    {
        "id": "63",
        "title": "Programm Was z\u00e4hlt",
        "file": "documents/WasZaehltProgramm.pdf",
        "created_at": "2016-06-21 13:48:48.185709+02",
        "uploaded_by_user_id": "5",
        "urls": ""
    },
    {
        "id": "64",
        "title": "Stil-Linien Programm",
        "file": "documents/StilLinienProgrammFlyer.pdf",
        "created_at": "2016-06-24 12:45:20.283035+02",
        "uploaded_by_user_id": "5",
        "urls": ""
    },
    {
        "id": "65",
        "title": "Imagination, Repr\u00e4sentation und das Neue - flyer",
        "file": "documents/imagination_repraesentation.pdf",
        "created_at": "2016-06-24 14:55:14.040402+02",
        "uploaded_by_user_id": "5",
        "urls": ""
    },
    {
        "id": "66",
        "title": "Dokumentation HUMANIMAL",
        "file": "documents/Dokumentation_HUMANIMAL_web.pdf",
        "created_at": "2016-06-27 11:09:45.336033+02",
        "uploaded_by_user_id": "5",
        "urls": ""
    },
    {
        "id": "145",
        "title": "Buchungsformular",
        "file": "documents/Buchungsformular_TAT.pdf",
        "created_at": "2016-07-15 18:34:18.796471+02",
        "uploaded_by_user_id": "27",
        "urls": ""
    },
    {
        "id": "67",
        "title": "PDF Lehrauftrag Vielfalt der Wissensformen en",
        "file": "documents/Vielfalt_der_Wissensformen_Ausschreibung_Lehrauftraege_WiSe_2016_17_englisch.pdf",
        "created_at": "2016-06-29 09:22:20.56468+02",
        "uploaded_by_user_id": "5",
        "urls": ""
    },
    {
        "id": "68",
        "title": "PDF Lehrauftrag Vielfalt der Wissensformen de",
        "file": "documents/Vielfalt_der_Wissensformen_Ausschreibung_Lehrauftraege_WiSe_2016_17_deutsch.pdf",
        "created_at": "2016-06-29 09:22:43.629034+02",
        "uploaded_by_user_id": "5",
        "urls": ""
    },
    {
        "id": "69",
        "title": "Tagungsprogramm M\u00fcller-Prinzip",
        "file": "documents/Tagungsprogramm_Mueller-Prinzip.pdf",
        "created_at": "2016-06-30 12:26:06.045625+02",
        "uploaded_by_user_id": "5",
        "urls": ""
    },
    {
        "id": "70",
        "title": "Flyer zum Tieranatomischen Theater",
        "file": "documents/Flyer_Tieranatomisches_Theater_web_1.pdf",
        "created_at": "2016-06-30 14:11:06.874598+02",
        "uploaded_by_user_id": "5",
        "urls": ""
    },
    {
        "id": "71",
        "title": "Tagungsprogramm Image Operations",
        "file": "documents/Image_Operations_Program.pdf",
        "created_at": "2016-07-01 10:40:01.32629+02",
        "uploaded_by_user_id": "5",
        "urls": ""
    },
    {
        "id": "72",
        "title": "Programm der Tagung 2015",
        "file": "documents/Programm_matap_2015.pdf",
        "created_at": "2016-07-05 10:03:21.450059+02",
        "uploaded_by_user_id": "5",
        "urls": ""
    },
    {
        "id": "73",
        "title": "Tagungsprogramm 2014",
        "file": "documents/Programm_matap_2014.pdf",
        "created_at": "2016-07-05 10:05:24.529868+02",
        "uploaded_by_user_id": "5",
        "urls": ""
    },
    {
        "id": "74",
        "title": "Sammelband Themenklasse 2015",
        "file": "documents/beobachten_entwerfen_verbinden_Themenklasse_2015.pdf",
        "created_at": "2016-07-05 15:20:20.992928+02",
        "uploaded_by_user_id": "5",
        "urls": ""
    },
    {
        "id": "75",
        "title": "Poster Abschlusspr\u00e4sentation 2015",
        "file": "documents/poster_A2_2016-03-24.pdf",
        "created_at": "2016-07-05 15:28:17.945467+02",
        "uploaded_by_user_id": "5",
        "urls": ""
    },
    {
        "id": "76",
        "title": "Shroud im Tagesspiegel",
        "file": "documents/Tagesspiegel_Shroud.pdf",
        "created_at": "2016-07-06 11:46:16.835421+02",
        "uploaded_by_user_id": "5",
        "urls": ""
    },
    {
        "id": "77",
        "title": "Hannoversche Allgemeine Zeitung Shroud",
        "file": "documents/HannoverscheAllgemeineZeitung_Shroud.pdf",
        "created_at": "2016-07-06 11:54:54.559558+02",
        "uploaded_by_user_id": "5",
        "urls": ""
    },
    {
        "id": "78",
        "title": "Zitty",
        "file": "documents/Zitty_Shroud.pdf",
        "created_at": "2016-07-06 11:57:42.637646+02",
        "uploaded_by_user_id": "5",
        "urls": ""
    },
    {
        "id": "79",
        "title": "Presseclipping 2015",
        "file": "documents/Presseclipping_Gesamt_2015.pdf",
        "created_at": "2016-07-07 11:39:29.604303+02",
        "uploaded_by_user_id": "6",
        "urls": ""
    },
    {
        "id": "80",
        "title": "Tagungsmappe Hybride Fotografie",
        "file": "documents/Abstract_und_Bios-Tagungsmappe-2.pdf",
        "created_at": "2016-07-08 12:26:28.83835+02",
        "uploaded_by_user_id": "5",
        "urls": ""
    },
    {
        "id": "81",
        "title": "Vorlesungsverzeichnis WS 2015/16",
        "file": "documents/WS_2015_2016_KVV.pdf",
        "created_at": "2016-07-12 07:42:34.062224+02",
        "uploaded_by_user_id": "5",
        "urls": ""
    },
    {
        "id": "82",
        "title": "VVZ_SoSe_2016",
        "file": "documents/VVZ_SoSe_2016_JxdUKoT.pdf",
        "created_at": "2016-07-12 09:41:02.914597+02",
        "uploaded_by_user_id": "7",
        "urls": ""
    },
    {
        "id": "83",
        "title": "Einf\u00fcgen als Kulturtechnik. Die Architektur Wang Shus und Lu Wenyus.",
        "file": "documents/archimaera006_Schramke-Bock.pdf",
        "created_at": "2016-07-12 11:35:25.262597+02",
        "uploaded_by_user_id": "20",
        "urls": ""
    },
    {
        "id": "84",
        "title": "PDF",
        "file": "documents/JA_Magazin_20_RZ_Ansicht.pdf",
        "created_at": "2016-07-12 11:44:18.554742+02",
        "uploaded_by_user_id": "21",
        "urls": ""
    },
    {
        "id": "85",
        "title": "PDF",
        "file": "documents/Stach.pdf",
        "created_at": "2016-07-12 11:54:31.315602+02",
        "uploaded_by_user_id": "20",
        "urls": ""
    },
    {
        "id": "86",
        "title": "Stein_Linked Open Data",
        "file": "documents/Stein_Linked_Open_Data.pdf",
        "created_at": "2016-07-12 13:07:24.018119+02",
        "uploaded_by_user_id": "14",
        "urls": ""
    },
    {
        "id": "87",
        "title": "PDF",
        "file": "documents/Stein_Linked_Open_Data_OOirrh1.pdf",
        "created_at": "2016-07-12 14:00:22.872148+02",
        "uploaded_by_user_id": "14",
        "urls": ""
    },
    {
        "id": "88",
        "title": "VVZ_SoSe_2015",
        "file": "documents/VVZ_HZK_SoSe_2015.pdf",
        "created_at": "2016-07-12 14:56:20.64479+02",
        "uploaded_by_user_id": "7",
        "urls": ""
    },
    {
        "id": "89",
        "title": "VVZ_WiSe_2014/15",
        "file": "documents/kvvWS15.pdf",
        "created_at": "2016-07-12 15:08:49.789837+02",
        "uploaded_by_user_id": "7",
        "urls": ""
    },
    {
        "id": "90",
        "title": "VVZ_WiSe_2014/15",
        "file": "documents/kvvWS15_I9ccrBp.pdf",
        "created_at": "2016-07-12 15:10:43.255714+02",
        "uploaded_by_user_id": "7",
        "urls": ""
    },
    {
        "id": "91",
        "title": "Download VVSS14",
        "file": "documents/kvvSS14.pdf",
        "created_at": "2016-07-12 15:15:35.108853+02",
        "uploaded_by_user_id": "7",
        "urls": ""
    },
    {
        "id": "92",
        "title": "VVZ_WiSe_2013/14",
        "file": "documents/kvvWS14.pdf",
        "created_at": "2016-07-12 15:22:37.763347+02",
        "uploaded_by_user_id": "7",
        "urls": ""
    },
    {
        "id": "93",
        "title": "Download VVZ_SoSe_2013",
        "file": "documents/kvvSS13.pdf",
        "created_at": "2016-07-12 15:24:59.436736+02",
        "uploaded_by_user_id": "7",
        "urls": ""
    },
    {
        "id": "94",
        "title": "Download VVZ_WiSe_2014/15",
        "file": "documents/kvvWS15_zqFJcxQ.pdf",
        "created_at": "2016-07-12 15:42:48.563442+02",
        "uploaded_by_user_id": "7",
        "urls": ""
    },
    {
        "id": "95",
        "title": "Download VVZ_WiSe_2015/16",
        "file": "documents/WS_2015_2016_KVV_Vvv7DaA.pdf",
        "created_at": "2016-07-12 15:50:57.927789+02",
        "uploaded_by_user_id": "7",
        "urls": ""
    },
    {
        "id": "96",
        "title": "Download VVZ_WiSe_2012/13",
        "file": "documents/kvvWS13.pdf",
        "created_at": "2016-07-13 13:01:46.345124+02",
        "uploaded_by_user_id": "7",
        "urls": ""
    },
    {
        "id": "97",
        "title": "Download VVZ_SoSe_2012",
        "file": "documents/kvvSS12.pdf",
        "created_at": "2016-07-13 13:12:30.873767+02",
        "uploaded_by_user_id": "7",
        "urls": ""
    },
    {
        "id": "98",
        "title": "Download VVZ_WiSe_2011/12",
        "file": "documents/kvvWS11.pdf",
        "created_at": "2016-07-13 13:20:15.39748+02",
        "uploaded_by_user_id": "7",
        "urls": ""
    },
    {
        "id": "99",
        "title": "Download VVZ_SoSe_2011",
        "file": "documents/kvvSS11.pdf",
        "created_at": "2016-07-13 13:26:53.794989+02",
        "uploaded_by_user_id": "7",
        "urls": ""
    },
    {
        "id": "100",
        "title": "Download VVZ_WiSe_2010/11",
        "file": "documents/kvvWS10.pdf",
        "created_at": "2016-07-13 13:32:05.917356+02",
        "uploaded_by_user_id": "7",
        "urls": ""
    },
    {
        "id": "101",
        "title": "PDF",
        "file": "documents/John_2015Plose10137284.PDF",
        "created_at": "2016-07-13 13:32:57.490348+02",
        "uploaded_by_user_id": "20",
        "urls": ""
    },
    {
        "id": "102",
        "title": "Download VVZ_SoSe_2010",
        "file": "documents/kvvSS10.pdf",
        "created_at": "2016-07-13 13:41:17.51293+02",
        "uploaded_by_user_id": "7",
        "urls": ""
    },
    {
        "id": "103",
        "title": "PDF",
        "file": "documents/Naykatura_2014a.pdf",
        "created_at": "2016-07-13 13:47:22.467126+02",
        "uploaded_by_user_id": "20",
        "urls": ""
    },
    {
        "id": "104",
        "title": "Download VVZ_WiSe_2009/10",
        "file": "documents/kvvWS09.pdf",
        "created_at": "2016-07-13 13:48:02.179144+02",
        "uploaded_by_user_id": "7",
        "urls": ""
    },
    {
        "id": "105",
        "title": "Download VVZ_SoSe_2009",
        "file": "documents/kvvSS09.pdf",
        "created_at": "2016-07-13 13:53:37.760936+02",
        "uploaded_by_user_id": "7",
        "urls": ""
    },
    {
        "id": "106",
        "title": "Download VVZ_WiSe_2008/09",
        "file": "documents/kvvWS08.pdf",
        "created_at": "2016-07-13 14:01:14.563442+02",
        "uploaded_by_user_id": "7",
        "urls": ""
    },
    {
        "id": "107",
        "title": "Download VVZ_SoSe_2008",
        "file": "documents/kvvSS08-1.pdf",
        "created_at": "2016-07-13 14:05:46.567124+02",
        "uploaded_by_user_id": "7",
        "urls": ""
    },
    {
        "id": "108",
        "title": "PDF",
        "file": "documents/haare-hoeren-strukturen-wissen-raeume.agieren.pdf",
        "created_at": "2016-07-13 14:12:16.786981+02",
        "uploaded_by_user_id": "15",
        "urls": ""
    },
    {
        "id": "109",
        "title": "PDF",
        "file": "documents/Serra_et_al-2015-Environmental_Microbiology.pdf",
        "created_at": "2016-07-13 14:12:41.777566+02",
        "uploaded_by_user_id": "20",
        "urls": ""
    },
    {
        "id": "110",
        "title": "Download VVZ_WiSe_2007/08",
        "file": "documents/kvvWS07.pdf",
        "created_at": "2016-07-13 14:17:20.100415+02",
        "uploaded_by_user_id": "7",
        "urls": ""
    },
    {
        "id": "111",
        "title": "Download VVZ_SoSe_2007",
        "file": "documents/kvv07.pdf",
        "created_at": "2016-07-13 14:22:36.499647+02",
        "uploaded_by_user_id": "7",
        "urls": ""
    },
    {
        "id": "112",
        "title": "PDF",
        "file": "documents/Hennig_1.pdf",
        "created_at": "2016-07-13 14:23:33.232631+02",
        "uploaded_by_user_id": "14",
        "urls": ""
    },
    {
        "id": "113",
        "title": "Download VVZ_WiSe_2006/07",
        "file": "documents/kvvWS06.pdf",
        "created_at": "2016-07-13 14:27:28.150161+02",
        "uploaded_by_user_id": "7",
        "urls": ""
    },
    {
        "id": "114",
        "title": "PDF",
        "file": "documents/Hennig_1_qWnTJeU.pdf",
        "created_at": "2016-07-13 14:31:53.057812+02",
        "uploaded_by_user_id": "14",
        "urls": ""
    },
    {
        "id": "115",
        "title": "Download VVZ_SoSe_2006",
        "file": "documents/kvv06.pdf",
        "created_at": "2016-07-13 14:32:30.139642+02",
        "uploaded_by_user_id": "7",
        "urls": ""
    },
    {
        "id": "116",
        "title": "Download VVZ_WiSe_2005/06",
        "file": "documents/kvvWS05.pdf",
        "created_at": "2016-07-13 14:42:38.439897+02",
        "uploaded_by_user_id": "7",
        "urls": ""
    },
    {
        "id": "117",
        "title": "Download VVZ_SoSe_2005",
        "file": "documents/kvv05.pdf",
        "created_at": "2016-07-13 14:49:43.46101+02",
        "uploaded_by_user_id": "7",
        "urls": ""
    },
    {
        "id": "118",
        "title": "Download VVZ_WiSe_2004/05",
        "file": "documents/kvvWS04.pdf",
        "created_at": "2016-07-13 14:55:03.68544+02",
        "uploaded_by_user_id": "7",
        "urls": ""
    },
    {
        "id": "119",
        "title": "Download VVZ_SeSe_2004",
        "file": "documents/kvv04.pdf",
        "created_at": "2016-07-13 15:12:02.319833+02",
        "uploaded_by_user_id": "7",
        "urls": ""
    },
    {
        "id": "120",
        "title": "PDF",
        "file": "documents/FoFra_2014_1_gesamt.pdf",
        "created_at": "2016-07-14 12:27:12.791456+02",
        "uploaded_by_user_id": "14",
        "urls": ""
    },
    {
        "id": "121",
        "title": "PDF",
        "file": "documents/HaareHoeren_BWG.pdf.pdf",
        "created_at": "2016-07-14 18:00:32.795844+02",
        "uploaded_by_user_id": "21",
        "urls": ""
    },
    {
        "id": "122",
        "title": "PDF",
        "file": "documents/HaareHoeren_BWG.pdf_97A4iWt.pdf",
        "created_at": "2016-07-14 18:03:20.836755+02",
        "uploaded_by_user_id": "21",
        "urls": ""
    },
    {
        "id": "123",
        "title": "PDF",
        "file": "documents/HaareHoeren_BWG.pdf",
        "created_at": "2016-07-14 18:03:54.929817+02",
        "uploaded_by_user_id": "21",
        "urls": ""
    },
    {
        "id": "124",
        "title": "PDF",
        "file": "documents/Maschinen.pdf",
        "created_at": "2016-07-14 18:42:19.76662+02",
        "uploaded_by_user_id": "21",
        "urls": ""
    },
    {
        "id": "125",
        "title": "Picht_2012a",
        "file": "documents/Picht_2012a.pdf",
        "created_at": "2016-07-15 10:14:17.588658+02",
        "uploaded_by_user_id": "20",
        "urls": ""
    },
    {
        "id": "126",
        "title": "PDF",
        "file": "documents/Picht_2012a_DI78Q0i.pdf",
        "created_at": "2016-07-15 10:16:05.176382+02",
        "uploaded_by_user_id": "20",
        "urls": ""
    },
    {
        "id": "127",
        "title": "PDF",
        "file": "documents/Fratzl_ncomms6942.pdf",
        "created_at": "2016-07-15 10:50:19.143464+02",
        "uploaded_by_user_id": "20",
        "urls": ""
    },
    {
        "id": "128",
        "title": "PDF",
        "file": "documents/HaareHoeren_BWG_a1aZPbt.pdf",
        "created_at": "2016-07-15 11:19:29.973329+02",
        "uploaded_by_user_id": "14",
        "urls": ""
    },
    {
        "id": "129",
        "title": "PDF",
        "file": "documents/HaareHoeren_BWG_byxLz2H.pdf",
        "created_at": "2016-07-15 11:27:23.694865+02",
        "uploaded_by_user_id": "14",
        "urls": ""
    },
    {
        "id": "130",
        "title": "PDF",
        "file": "documents/Fratzl_1-s2.0-S1047847715301106-main.pdf",
        "created_at": "2016-07-15 11:41:47.95788+02",
        "uploaded_by_user_id": "20",
        "urls": ""
    },
    {
        "id": "131",
        "title": "PDF",
        "file": "documents/HaareHoeren_BWG_x42SZx4.pdf",
        "created_at": "2016-07-15 11:45:03.079487+02",
        "uploaded_by_user_id": "14",
        "urls": ""
    },
    {
        "id": "132",
        "title": "PDF",
        "file": "documents/HaareHoeren_BWG_L8csp7z.pdf",
        "created_at": "2016-07-15 11:45:38.141886+02",
        "uploaded_by_user_id": "14",
        "urls": ""
    },
    {
        "id": "133",
        "title": "PDF",
        "file": "documents/HaareHoeren_BWG_stj3Okj.pdf",
        "created_at": "2016-07-15 11:47:43.116791+02",
        "uploaded_by_user_id": "14",
        "urls": ""
    },
    {
        "id": "134",
        "title": "PDF",
        "file": "documents/HaareHoeren_BWG_Xb87pGZ.pdf",
        "created_at": "2016-07-15 11:48:47.777443+02",
        "uploaded_by_user_id": "14",
        "urls": ""
    },
    {
        "id": "135",
        "title": "PDF",
        "file": "documents/Hengge_2013_EMBL.pdf",
        "created_at": "2016-07-15 11:59:20.920141+02",
        "uploaded_by_user_id": "20",
        "urls": ""
    },
    {
        "id": "136",
        "title": "PDF",
        "file": "documents/mBio-2013-Serra-2013.pdf",
        "created_at": "2016-07-15 12:06:17.087273+02",
        "uploaded_by_user_id": "20",
        "urls": ""
    },
    {
        "id": "137",
        "title": "PDF",
        "file": "documents/p501-mueller-birn_opensym.pdf",
        "created_at": "2016-07-15 12:16:46.592549+02",
        "uploaded_by_user_id": "20",
        "urls": ""
    },
    {
        "id": "138",
        "title": "PDF",
        "file": "documents/Scholtz_Schubert_1-s2.0-S0044523115000224-main.pdf",
        "created_at": "2016-07-15 13:15:36.054441+02",
        "uploaded_by_user_id": "20",
        "urls": ""
    },
    {
        "id": "139",
        "title": "PDF",
        "file": "documents/Schubert_2015_1-s2.0-S0001691815000700-main.pdf",
        "created_at": "2016-07-15 13:37:32.81439+02",
        "uploaded_by_user_id": "20",
        "urls": ""
    },
    {
        "id": "140",
        "title": "PDF",
        "file": "documents/Frensch_2012_fpsyg-03-00562.pdf",
        "created_at": "2016-07-15 13:45:26.018702+02",
        "uploaded_by_user_id": "20",
        "urls": ""
    },
    {
        "id": "141",
        "title": "PDF",
        "file": "documents/Schubert_2012_1-s2.0-S0001691812000273-main.pdf",
        "created_at": "2016-07-15 13:50:21.240609+02",
        "uploaded_by_user_id": "20",
        "urls": ""
    },
    {
        "id": "142",
        "title": "PDF",
        "file": "documents/if_10_tapa_e_interior.pdf",
        "created_at": "2016-07-15 14:44:50.470135+02",
        "uploaded_by_user_id": "14",
        "urls": ""
    },
    {
        "id": "143",
        "title": "PDF",
        "file": "documents/Self-Writing_Machines.pdf",
        "created_at": "2016-07-15 15:28:25.308257+02",
        "uploaded_by_user_id": "21",
        "urls": ""
    },
    {
        "id": "144",
        "title": "Lageplan Campus Nord TA T",
        "file": "documents/HU_Campus_Nord_2016_TA_T.pdf",
        "created_at": "2016-07-15 18:08:45.027277+02",
        "uploaded_by_user_id": "27",
        "urls": ""
    },
    {
        "id": "146",
        "title": "Edition_2_2013",
        "file": "documents/edition-2013-2-e-version.pdf",
        "created_at": "2016-07-16 15:04:45.024923+02",
        "uploaded_by_user_id": "14",
        "urls": ""
    },
    {
        "id": "147",
        "title": "PDF",
        "file": "documents/edition-2013-2-e-version_XmJ19jJ.pdf",
        "created_at": "2016-07-16 15:07:07.622335+02",
        "uploaded_by_user_id": "14",
        "urls": ""
    },
    {
        "id": "148",
        "title": "PDF",
        "file": "documents/edition-2013-2-e-version_VZ3TnuF.pdf",
        "created_at": "2016-07-16 15:09:45.738417+02",
        "uploaded_by_user_id": "14",
        "urls": ""
    },
    {
        "id": "149",
        "title": "PDF",
        "file": "documents/edition-2011-1-e-version.pdf",
        "created_at": "2016-07-16 15:30:12.645384+02",
        "uploaded_by_user_id": "14",
        "urls": ""
    },
    {
        "id": "150",
        "title": "PDF",
        "file": "documents/Staudacher_2014_1-s2.0-S0550321314003101-main.pdf",
        "created_at": "2016-07-16 16:22:06.68151+02",
        "uploaded_by_user_id": "20",
        "urls": ""
    },
    {
        "id": "151",
        "title": "PDF",
        "file": "documents/Staudacher_2015_1-s2.0-S0550321315000930-main.pdf",
        "created_at": "2016-07-16 16:30:46.388655+02",
        "uploaded_by_user_id": "20",
        "urls": ""
    },
    {
        "id": "152",
        "title": "Naturf\u00fchrer Wissenschaftsgarten - Projektbeschreibung",
        "file": "documents/Naturfuhrer_Wissenschaftsgarte_n_-_Projektbeschreibung_kurz.pdf",
        "created_at": "2016-07-16 16:36:29.213212+02",
        "uploaded_by_user_id": "27",
        "urls": ""
    },
    {
        "id": "153",
        "title": "PDF",
        "file": "documents/Ribault_2011_appareil-1315-8-du-toucher-au-geste-technique-la-techne-des-corps.pdf",
        "created_at": "2016-07-16 17:10:55.873047+02",
        "uploaded_by_user_id": "20",
        "urls": ""
    },
    {
        "id": "154",
        "title": "PDF",
        "file": "documents/Der_Erlebnisstrom_Anne_Dippel.pdf",
        "created_at": "2016-07-18 12:01:33.985983+02",
        "uploaded_by_user_id": "20",
        "urls": ""
    },
    {
        "id": "155",
        "title": "PDF",
        "file": "documents/HaareHoeren_BWG_l8Uo4MO.pdf",
        "created_at": "2016-07-18 15:59:11.043372+02",
        "uploaded_by_user_id": "14",
        "urls": ""
    },
    {
        "id": "156",
        "title": "PDF",
        "file": "documents/agt-v8-n1-p14-p.pdf",
        "created_at": "2016-07-18 16:26:32.2387+02",
        "uploaded_by_user_id": "14",
        "urls": ""
    },
    {
        "id": "157",
        "title": "PDF",
        "file": "documents/aviso_1_2016_barrierefrei.pdf",
        "created_at": "2016-07-18 18:17:10.536124+02",
        "uploaded_by_user_id": "15",
        "urls": ""
    },
    {
        "id": "158",
        "title": "Sammelband Themenklasse 2015",
        "file": "documents/beobachten_entwerfen_verbinden_Themenklasse_2015_hZJUI4N.pdf",
        "created_at": "2016-07-19 11:48:28.780316+02",
        "uploaded_by_user_id": "19",
        "urls": ""
    },
    {
        "id": "159",
        "title": "Sammelband Themenklasse 2014",
        "file": "documents/bwg_DSptips_2014_-_Publikation_komplett_Doppelseiten_144dpi.pdf",
        "created_at": "2016-07-19 11:52:35.07387+02",
        "uploaded_by_user_id": "19",
        "urls": ""
    },
    {
        "id": "161",
        "title": "Bildgenese in den Wissenschaften",
        "file": "documents/bwg_bildgenese-folder.pdf",
        "created_at": "2016-07-26 12:13:44.643179+02",
        "uploaded_by_user_id": "6",
        "urls": ""
    },
    {
        "id": "162",
        "title": "Listening to the Archive",
        "file": "documents/Flyer_Listening_to_the_Archive_online_0.pdf",
        "created_at": "2016-07-27 17:59:34.35296+02",
        "uploaded_by_user_id": "6",
        "urls": ""
    },
    {
        "id": "163",
        "title": "Interview mit Prof. Dr. Hegemann",
        "file": "documents/Prof_Hegemann-Interview-CZ.pdf",
        "created_at": "2016-07-28 11:30:03.917644+02",
        "uploaded_by_user_id": "22",
        "urls": ""
    },
    {
        "id": "164",
        "title": "Interview mit Freeman Dyson \u201eDie Freiheit ist analog\u201c",
        "file": "documents/Interview_Die_Freiheit_ist_analog-_Medien-Tagesspiegel.pdf",
        "created_at": "2016-07-28 11:30:34.637633+02",
        "uploaded_by_user_id": "22",
        "urls": ""
    },
    {
        "id": "165",
        "title": "LES MISE EN SC\u00e8NE DES SCIENCES ET LEURS ENJEUX, 19e-21e SI\u00e8CLE",
        "file": "documents/les_mises_en_scene_.pdf",
        "created_at": "2016-07-28 12:03:15.287791+02",
        "uploaded_by_user_id": "6",
        "urls": ""
    },
    {
        "id": "166",
        "title": "The Spatial Inscriptions of Science",
        "file": "documents/Spacial_Inscriptions_of_science.pdf",
        "created_at": "2016-07-28 12:03:52.299897+02",
        "uploaded_by_user_id": "6",
        "urls": ""
    },
    {
        "id": "160",
        "title": "Vorlesungsverzeichnis Wintersemester 2016/17",
        "file": "documents/VVZwiSe_16_17.pdf",
        "created_at": "2016-07-25 16:07:39.434124+02",
        "uploaded_by_user_id": "22",
        "urls": ""
    },
    {
        "id": "167",
        "title": "PDF",
        "file": "documents/Becker_et_al-2012-Journal_of_Morphology.pdf",
        "created_at": "2016-08-02 13:51:06.452579+02",
        "uploaded_by_user_id": "14",
        "urls": ""
    },
    {
        "id": "168",
        "title": "PDF",
        "file": "documents/BeckerPeaCrabs2010.pdf",
        "created_at": "2016-08-02 14:03:31.739607+02",
        "uploaded_by_user_id": "14",
        "urls": ""
    },
    {
        "id": "169",
        "title": "PDF",
        "file": "documents/BeckerPeaCrabs2010_gSiVdwq.pdf",
        "created_at": "2016-08-02 14:04:17.541242+02",
        "uploaded_by_user_id": "14",
        "urls": ""
    },
    {
        "id": "170",
        "title": "PDF",
        "file": "documents/oa9783839409268.pdf",
        "created_at": "2016-08-08 14:32:48.554403+02",
        "uploaded_by_user_id": "14",
        "urls": ""
    },
    {
        "id": "171",
        "title": "PDF",
        "file": "documents/fpsyg-03-00378.pdf",
        "created_at": "2016-08-08 15:14:56.900774+02",
        "uploaded_by_user_id": "14",
        "urls": ""
    },
    {
        "id": "172",
        "title": "PDF",
        "file": "documents/fpsyg-03-00578.pdf",
        "created_at": "2016-08-08 15:20:59.837031+02",
        "uploaded_by_user_id": "14",
        "urls": ""
    },
    {
        "id": "173",
        "title": "PDF",
        "file": "documents/fpsyg-05-00923.pdf",
        "created_at": "2016-08-09 10:10:22.177204+02",
        "uploaded_by_user_id": "14",
        "urls": ""
    },
    {
        "id": "174",
        "title": "PDF",
        "file": "documents/fpsyg-05-01388.pdf",
        "created_at": "2016-08-09 10:17:15.272077+02",
        "uploaded_by_user_id": "14",
        "urls": ""
    },
    {
        "id": "175",
        "title": "PDF",
        "file": "documents/bwg-A5-heft-lernenmit_Bredekamp_FINAL.pdf",
        "created_at": "2016-08-09 10:45:29.52096+02",
        "uploaded_by_user_id": "13",
        "urls": ""
    },
    {
        "id": "176",
        "title": "Lernen mit HB, Cover",
        "file": "documents/bwg-A5-heft-lernenmit_Bredekamp_FINAL_oVoShhA.pdf",
        "created_at": "2016-08-09 10:47:48.386396+02",
        "uploaded_by_user_id": "13",
        "urls": ""
    },
    {
        "id": "177",
        "title": "PDF",
        "file": "documents/bwg-A5-heft-lernenmit_Bredekamp_FINAL_o8363wD.pdf",
        "created_at": "2016-08-09 10:48:14.180007+02",
        "uploaded_by_user_id": "13",
        "urls": ""
    },
    {
        "id": "178",
        "title": "PDF",
        "file": "documents/Tagungsband_OA.pdf",
        "created_at": "2016-08-09 11:45:18.571252+02",
        "uploaded_by_user_id": "13",
        "urls": ""
    },
    {
        "id": "179",
        "title": "PDF Tagungsband",
        "file": "documents/Tagungsband_OA_yYWuZYB.pdf",
        "created_at": "2016-08-09 11:45:55.870939+02",
        "uploaded_by_user_id": "13",
        "urls": ""
    },
    {
        "id": "180",
        "title": "PDF",
        "file": "documents/bwg-A5-heft-lernenmit_Bredekamp_FINAL_7N8KiK6.pdf",
        "created_at": "2016-08-09 13:16:34.726634+02",
        "uploaded_by_user_id": "13",
        "urls": ""
    },
    {
        "id": "181",
        "title": "Lernen mit HB",
        "file": "documents/bwg-A5-heft-lernenmit_Bredekamp_FINAL_EQN2QlM.pdf",
        "created_at": "2016-08-10 12:00:42.904425+02",
        "uploaded_by_user_id": "13",
        "urls": ""
    },
    {
        "id": "182",
        "title": "PDF",
        "file": "documents/bwg-A5-heft-lernenmit_Bredekamp_FINAL_ra7rFm9.pdf",
        "created_at": "2016-08-10 12:02:08.521091+02",
        "uploaded_by_user_id": "13",
        "urls": ""
    },
    {
        "id": "183",
        "title": "PDF",
        "file": "documents/HaareHoeren_BWG_3OqhWIB.pdf",
        "created_at": "2016-08-10 12:28:24.976914+02",
        "uploaded_by_user_id": "14",
        "urls": ""
    },
    {
        "id": "184",
        "title": "Presseinfo +ultra. gestaltung schafft wissen",
        "file": "documents/20160901_PM_plus_ultra.pdf",
        "created_at": "2016-09-02 12:25:39.407675+02",
        "uploaded_by_user_id": "12",
        "urls": ""
    },
    {
        "id": "185",
        "title": "Einladung zur Pressekonferenz +ultra",
        "file": "documents/20160830_PK_Einladung_plus_ultra.pdf",
        "created_at": "2016-09-02 12:37:05.273457+02",
        "uploaded_by_user_id": "12",
        "urls": ""
    },
    {
        "id": "186",
        "title": "TAT Sep/Okt",
        "file": "documents/September_Oktober_2016.pdf",
        "created_at": "2016-09-02 16:25:09.058319+02",
        "uploaded_by_user_id": "6",
        "urls": ""
    },
    {
        "id": "187",
        "title": "Newsletter #1 Internationale Gesellschaft f\u00fcr Modellforschung",
        "file": "documents/Newsletter_1_oE_1.pdf",
        "created_at": "2016-09-08 17:34:51.339539+02",
        "uploaded_by_user_id": "6",
        "urls": ""
    },
    {
        "id": "188",
        "title": "Pressebilder +ultra. getsaltung schafft wissen",
        "file": "documents/ultra_Pressebilder.pdf",
        "created_at": "2016-09-13 14:38:28.767471+02",
        "uploaded_by_user_id": "6",
        "urls": ""
    },
    {
        "id": "189",
        "title": "\u00dcbersicht Pressebilder",
        "file": "documents/Uebersicht_Pressebilder.pdf",
        "created_at": "2016-09-13 15:05:20.307882+02",
        "uploaded_by_user_id": "6",
        "urls": ""
    },
    {
        "id": "190",
        "title": "Filter",
        "file": "documents/Filter_Workshop_BWG_HU_Berlin.pdf",
        "created_at": "2016-09-16 15:36:40.546162+02",
        "uploaded_by_user_id": "6",
        "urls": ""
    },
    {
        "id": "191",
        "title": "Holger Schulze - The Body of Sound",
        "file": "documents/5176-21232-1-PB.pdf",
        "created_at": "2016-09-19 15:07:11.371376+02",
        "uploaded_by_user_id": "15",
        "urls": ""
    },
    {
        "id": "192",
        "title": "Galaktische Arch\u00e4ologie - Eva Grebel",
        "file": "documents/Galaktische_Archaelogie_Grebel_A3.pdf",
        "created_at": "2016-09-19 16:46:38.98441+02",
        "uploaded_by_user_id": "6",
        "urls": ""
    },
    {
        "id": "193",
        "title": "Die Zeitlichkeit des Entwerfens_ Claudia Mareis",
        "file": "documents/Visuelle_Zeitgestaltung_Mareis.pdf",
        "created_at": "2016-09-19 16:56:21.242235+02",
        "uploaded_by_user_id": "6",
        "urls": ""
    },
    {
        "id": "194",
        "title": "Begrenzte Unendlichkeit_Paflik-Huber",
        "file": "documents/Plakate_ikonischeZeit.pdf",
        "created_at": "2016-09-19 16:58:10.868071+02",
        "uploaded_by_user_id": "6",
        "urls": ""
    },
    {
        "id": "195",
        "title": "\u00dcber ikonische Zeit",
        "file": "documents/Uber_ikonische_Zeit.pdf",
        "created_at": "2016-09-19 17:00:27.858608+02",
        "uploaded_by_user_id": "6",
        "urls": ""
    },
    {
        "id": "196",
        "title": "Zeitseeing",
        "file": "documents/Zeitseeing.pdf",
        "created_at": "2016-09-19 17:09:44.540147+02",
        "uploaded_by_user_id": "6",
        "urls": ""
    },
    {
        "id": "197",
        "title": "Museale Objekte im Kalten Krieg_Tagungsprogramm",
        "file": "documents/Workshop_ObjekteKaltenKrieg.pdf",
        "created_at": "2016-09-20 12:07:31.236137+02",
        "uploaded_by_user_id": "6",
        "urls": ""
    },
    {
        "id": "198",
        "title": "Life Technology Information",
        "file": "documents/Life_Info_Technology.pdf",
        "created_at": "2016-09-20 13:16:50.329043+02",
        "uploaded_by_user_id": "6",
        "urls": ""
    },
    {
        "id": "199",
        "title": "Structured Doctoral Program",
        "file": "documents/StructuredDoctoralProgram_ImageKnowledgeGestaltung_mMDBHnR.pdf",
        "created_at": "2016-09-22 11:05:37.767568+02",
        "uploaded_by_user_id": "6",
        "urls": ""
    }
]