id,page1_id,page2_id
290,67,122
160,179,55
291,67,133
27,95,71
1355,263,70
237,95,245
2029,886,690
249,176,72
2022,1413,499
1354,263,49
238,95,241
25,93,23
26,93,27
220,93,274
221,93,270
256,214,301
222,93,532
223,93,301
2643,1689,67
224,93,362
2000,645,690
20,87,49
34,87,5
21,87,23
3687,377,23
528,73,570
141,52,143
2073,1443,1207
2074,1443,250
133,168,166
2079,1446,1207
271,185,264
170,194,191
2080,1446,250
2536,1656,69
3686,614,108
14,82,49
250,176,259
17,83,52
3769,1966,259
2015,672,690
2608,1681,257
1949,1397,142
159,178,177
327,66,238
328,66,258
282,139,29
2067,1440,1207
270,185,321
283,139,16
16,83,49
3546,339,65
3547,339,21
132,165,164
131,165,76
284,139,102
285,139,101
5021,127,2604
1965,1404,166
329,66,224
1084,480,60
5022,127,2605
3685,244,660
202,636,635
251,176,302
231,88,30
5023,127,2606
210,162,267
19,85,81
31,102,29
267,197,229
2008,1412,690
161,182,55
152,49,30
130,164,124
129,164,76
137,56,143
125,59,143
5024,127,2607
5025,127,2608
156,172,164
5026,127,2609
204,188,69
2050,1225,690
2046,890,690
259,158,5
164,183,76
5027,127,2610
5028,127,2611
205,188,31
3728,1942,223
3729,1942,250
215,89,243
2609,1681,255
5029,127,2612
3576,434,71
340,20,223
341,20,458
2071,1442,1207
2072,1442,250
11,14,13
169,193,191
1358,1155,166
15,82,52
3600,1314,1179
5030,127,2613
166,187,135
5031,127,2614
1477,534,66
3655,618,108
2053,1419,690
2610,1681,78
1569,411,20
5032,127,2616
3754,1961,241
30,101,16
158,174,71
2068,1440,250
217,89,373
2734,1726,21
3866,1993,457
213,89,45
2719,1719,21
143,53,143
5033,127,2615
168,192,191
5034,127,2614
167,189,188
145,54,143
2718,1719,361
3755,1961,71
3867,1993,74
2077,1445,142
268,197,254
146,55,143
23,91,69
3780,1688,66
155,172,76
3092,1803,742
3093,1803,801
3094,1803,411
3627,504,108
150,58,143
3868,1993,116
148,57,143
199,635,567
28,101,29
330,66,571
331,66,266
332,66,284
3850,429,1405
275,186,322
165,186,57
3879,2000,515
3807,541,695
174,98,143
3688,236,660
429,70,532
185,205,82
235,170,236
229,88,355
230,88,401
366,49,261
225,362,21
367,49,393
269,173,304
195,142,58
368,49,522
369,49,111
1861,381,21
413,63,244
2698,1707,71
2697,1707,357
188,210,59
409,62,584
236,170,239
2739,1728,541
2001,647,690
1488,549,70
181,203,71
206,13,108
182,203,174
3577,337,77
194,215,167
2684,1700,67
2683,1700,270
186,205,52
192,213,70
276,216,223
196,216,20
3601,546,103
261,211,252
272,183,226
273,183,296
1901,1380,264
274,183,252
209,99,73
1900,1380,321
3628,558,66
278,637,5
183,204,71
207,13,84
214,89,376
5020,78,2576
279,637,158
2537,1654,69
201,190,157
203,16,29
176,195,66
337,66,278
381,60,256
382,60,241
383,60,258
384,60,345
338,66,344
339,66,534
177,197,138
2733,1726,381
2721,1721,21
410,62,89
254,212,567
255,212,223
1966,1406,166
411,62,209
3548,278,66
3851,1988,312
3756,914,257
435,78,236
179,201,157
2644,1693,314
2645,1693,78
1907,113,567
1908,113,772
373,19,348
218,85,567
360,49,263
361,49,355
362,49,401
363,49,485
364,49,288
404,62,251
227,88,263
3852,1988,261
175,86,191
2761,1734,653
232,177,296
1862,381,116
3757,914,255
1909,113,236
228,88,485
325,68,422
3781,1690,66
258,181,257
193,214,69
171,98,34
286,111,49
3656,1933,541
287,111,52
3657,1933,695
374,19,310
405,62,243
375,19,350
371,19,254
372,19,229
365,49,353
3822,503,1399
2016,675,690
288,111,30
289,111,88
189,84,108
407,62,376
400,61,567
219,85,492
1910,113,244
2023,858,690
172,98,47
173,98,53
184,205,49
2751,1733,266
233,177,459
2752,1733,66
408,62,373
262,211,225
2740,1728,704
423,70,279
424,70,257
426,70,263
428,70,414
248,97,21
187,208,49
2009,677,690
180,202,86
2723,1717,381
2722,1717,21
589,682,166
2647,1694,72
1953,432,642
594,532,65
2646,1694,238
5049,131,2613
3550,1918,1845
3551,1918,22
3578,598,103
2664,1696,71
3521,1828,102
508,21,381
3689,479,1179
568,638,25
595,472,20
3808,1983,312
545,71,408
509,21,224
521,73,308
586,679,166
590,683,166
3602,1927,410
569,638,32
546,71,555
2613,1683,257
3630,1931,690
5050,131,2615
510,21,225
511,21,596
2614,1683,255
2615,1683,483
2616,1683,78
512,21,542
513,21,275
514,21,362
442,78,134
212,47,34
575,642,432
457,64,260
443,22,250
444,22,257
445,22,261
547,71,499
490,65,248
592,684,166
558,77,451
2540,1657,69
2539,1657,239
2538,1657,281
492,65,225
548,71,417
2369,456,126
605,580,74
570,638,33
559,77,298
563,79,246
564,79,264
565,79,321
1468,452,77
482,23,27
483,23,93
484,23,274
493,65,501
494,65,306
495,65,453
3629,369,103
485,23,270
446,22,232
540,81,567
522,73,284
496,65,304
470,72,259
580,668,157
581,668,190
582,668,201
583,668,667
1951,432,643
3758,1077,257
385,60,237
386,60,225
387,60,284
390,60,272
391,60,294
392,60,274
486,23,532
2686,1701,71
2685,1701,432
5046,131,2616
5047,131,2615
388,60,266
5048,131,2614
3730,1943,250
487,23,512
571,639,322
572,639,57
389,60,286
541,71,245
1929,1393,684
523,73,360
3731,1177,14
3732,1177,126
515,73,258
516,73,345
517,73,260
553,77,224
532,74,24
533,74,457
534,74,464
535,74,473
1967,1407,166
542,71,241
543,71,432
1912,1383,704
518,73,242
566,79,363
567,79,391
544,71,445
524,73,495
2708,1713,275
2709,1713,21
393,60,480
519,73,228
520,73,266
554,77,252
555,77,247
556,77,225
557,77,227
573,639,186
574,639,56
2663,1696,245
1952,432,662
394,60,367
395,60,386
396,60,385
456,64,259
2087,1449,1207
430,70,365
2017,674,690
3889,2008,515
5037,131,2607
649,103,282
3603,432,698
730,705,376
2572,1668,702
782,746,245
750,717,270
3659,1934,541
5038,131,2605
3809,1983,1845
3890,2008,109
3810,1983,22
783,245,71
629,511,73
2726,1722,76
1930,1394,684
768,731,279
770,733,279
773,736,312
2002,646,690
1408,573,23
765,728,389
2735,1727,224
640,526,62
763,726,389
637,485,49
2587,1671,1042
3579,290,103
431,70,111
2736,1727,66
757,723,432
2054,1420,690
624,517,60
681,673,47
612,536,71
678,697,270
625,512,23
622,527,65
2041,804,690
2589,1672,312
732,707,376
617,504,19
1954,1398,142
5035,131,2604
775,737,312
620,502,62
2047,1418,690
698,233,67
700,233,14
701,239,69
707,243,63
716,382,126
715,280,126
1968,1408,166
5036,131,2605
767,279,38
714,321,79
5039,131,2607
774,312,22
2588,1671,22
634,468,66
702,239,31
3853,1988,22
5040,131,2608
644,523,78
2062,1427,73
5041,131,2609
5042,131,2610
5043,131,2611
1661,1206,226
1077,575,67
643,521,202
3522,268,103
2085,1447,250
672,694,642
642,613,126
733,708,376
764,727,389
749,716,270
619,514,62
708,243,62
3552,617,67
688,255,78
2024,857,690
686,251,62
743,270,697
2075,1444,1207
647,538,126
3660,514,108
3661,514,1399
1078,575,14
2076,1444,250
2084,1447,1207
5044,131,2611
2010,664,690
692,248,39
2051,666,690
621,503,65
785,748,250
2618,1684,67
2582,1669,389
731,706,376
2583,1669,22
729,376,62
728,700,200
627,571,66
689,256,60
2060,1426,250
2700,1708,71
2699,1708,417
5045,131,2612
784,747,245
691,248,65
761,389,73
2542,1658,69
628,524,66
687,254,19
2590,1672,22
756,722,432
762,389,695
2030,887,690
748,715,270
713,576,74
3032,1788,223
771,734,312
2571,1668,653
781,745,245
613,510,71
2687,1702,432
779,743,690
616,528,19
2688,1702,71
5051,131,2606
3633,441,108
3634,441,1405
618,507,60
2088,1449,250
636,485,52
610,505,71
2707,1713,596
611,505,204
3782,1970,742
615,506,49
3690,430,108
2055,1421,166
778,740,166
2619,1685,413
875,800,226
915,229,19
3784,1970,651
3693,570,73
924,843,225
1844,743,71
854,791,422
872,798,226
908,832,244
798,755,249
871,797,226
3523,335,141
834,774,242
1948,1396,432
824,252,79
3891,2009,515
927,225,63
928,225,65
907,831,244
905,829,244
906,830,244
911,834,229
793,223,20
920,841,227
3823,528,1399
837,778,257
3854,1204,1405
791,753,223
812,567,61
946,546,68
1955,1399,108
874,799,226
3604,457,116
817,457,20
848,232,64
943,531,20
897,822,238
832,242,22
1475,441,49
3635,501,65
3869,1994,515
884,809,541
885,810,541
944,623,67
3917,2018,411
849,232,22
889,616,78
3632,1931,802
945,425,20
835,776,242
912,835,229
599,541,653
909,244,63
893,614,23
789,250,22
886,811,541
887,812,541
903,264,79
820,770,252
2011,665,690
819,769,252
790,752,223
818,768,252
2650,190,599
815,767,457
888,813,541
2620,1685,78
921,227,66
922,227,77
2543,1659,239
914,837,229
902,828,264
1666,126,456
633,522,49
2667,1698,245
842,257,70
895,428,21
899,824,238
3881,2001,515
5052,461,22
821,771,252
788,751,250
3580,280,23
898,823,238
923,842,225
838,779,257
925,844,225
839,780,257
2057,1423,166
904,314,78
1787,130,276
3708,520,1844
792,754,223
1969,1409,166
841,782,257
2048,1418,499
2710,1714,255
2668,1698,71
3927,2022,238
869,796,382
3918,2018,20
3662,260,64
829,773,690
878,525,166
3907,2013,467
3908,2013,20
2025,859,690
1996,655,690
2031,1414,690
2044,1417,1147
2043,1417,499
2042,1417,690
892,820,614
2702,1709,71
901,826,264
900,825,264
876,226,76
910,833,229
913,836,229
917,838,227
918,839,227
919,840,227
3928,2022,72
844,784,232
2701,1709,417
814,766,457
2649,190,394
935,846,531
936,847,531
937,848,531
938,849,531
939,850,531
940,851,531
941,852,531
942,853,531
833,775,242
949,863,545
950,864,545
951,865,545
952,866,545
1068,949,274
1052,936,291
959,872,510
1010,915,483
1061,944,296
960,873,510
948,464,74
2670,1699,71
3605,629,108
2586,1671,312
437,78,255
1062,296,76
1019,918,492
1100,971,299
438,78,547
1017,916,492
970,881,519
971,882,519
972,883,519
973,884,519
974,885,519
3734,1945,250
1004,911,287
1088,961,516
3555,718,166
1034,928,495
1106,413,78
1033,927,495
947,862,651
1025,922,354
967,879,341
3475,544,109
1018,917,492
954,868,320
976,451,77
5053,132,2396
3785,1971,742
1001,908,287
1008,913,483
989,902,598
984,899,447
1009,914,483
1020,492,81
975,892,166
1071,281,69
963,578,31
1015,333,72
1016,333,31
1102,973,299
980,895,486
981,896,486
1006,912,288
991,598,20
2728,1723,21
1039,289,76
1044,290,66
2727,1723,381
1932,1395,1307
1026,923,354
1101,972,299
988,901,598
1021,919,547
998,275,21
1023,921,547
1104,299,67
966,878,341
1065,947,398
983,898,447
1917,1386,166
3524,289,1152
1003,910,287
1096,407,20
1105,299,14
955,869,320
957,870,510
1005,287,19
3786,1971,651
1074,952,575
1042,931,290
1103,974,299
999,379,22
1075,953,575
1060,943,296
1059,942,296
2651,635,489
2669,1699,245
1076,954,575
3709,533,1844
1031,926,338
990,903,598
1063,945,398
982,897,447
979,894,486
1072,950,575
1073,951,575
1083,599,81
3694,246,67
1030,925,338
1079,955,599
958,871,510
1080,956,599
1081,957,599
1066,948,398
1037,929,289
1057,291,21
1027,924,354
1053,937,291
1054,938,291
953,867,320
1090,963,523
1091,964,523
1092,965,523
1093,966,523
1094,967,407
1095,968,407
1097,596,21
2545,1659,69
1064,946,398
2622,1686,67
1087,960,516
1089,962,516
683,673,34
1049,935,277
977,377,67
1956,139,141
2621,1686,270
1043,932,290
1116,976,350
1186,1034,301
1185,1033,301
1194,1039,459
1195,1040,459
1204,1046,353
1203,1045,353
1117,977,350
2730,1724,21
1279,1076,228
1284,1081,261
1281,1078,228
1287,1084,261
1129,984,521
1130,985,521
2729,1724,381
1224,392,217
1132,987,521
1131,986,521
1119,979,350
1134,989,409
1133,988,409
1137,990,367
1138,991,367
2714,1716,321
1114,362,18
3446,460,20
1659,1206,345
2715,1716,79
1177,1026,236
3638,704,166
2623,1687,236
1282,1079,228
1118,978,350
1292,1089,233
1183,1031,505
1290,1087,233
1288,1085,262
3788,1972,651
1268,495,1064
1283,1080,261
1286,1083,261
1285,1082,261
1278,238,72
1201,1043,353
1202,1044,353
1205,1047,353
1918,1387,1386
1199,1041,38
1140,992,273
1178,1027,236
1272,1072,256
1273,1073,256
1274,1074,256
1275,1075,256
2671,1369,102
3710,541,1844
1660,1206,223
1935,1307,1147
1934,1307,802
1212,1049,474
1213,1050,474
1214,1051,474
1136,401,49
1069,274,60
1197,385,60
3787,1972,742
1258,266,66
1267,312,61
694,261,49
3525,459,1179
1225,1053,581
1226,1054,581
1227,1055,581
1228,1056,581
1229,1057,484
1230,1058,484
1231,1059,484
1933,1307,331
751,499,71
825,772,66
1957,1400,141
1191,1037,368
1190,1036,368
1181,1029,505
1291,1088,233
3607,1062,684
1189,1035,368
1107,380,66
1269,380,1064
1220,559,126
710,228,73
3735,751,223
1256,1070,266
1232,1060,70
1207,353,49
1145,994,236
3557,342,76
1215,513,67
1216,513,109
1221,1052,109
695,261,70
1262,236,1064
1144,993,236
746,270,38
488,23,301
1223,392,103
1210,473,74
2547,1660,49
709,228,63
1277,238,66
2673,1369,1368
2674,1369,1367
2546,1660,519
2692,1704,71
2691,1704,445
2704,1711,71
2703,1711,417
697,261,22
1128,300,72
2741,1728,740
3582,300,103
1257,1071,266
1115,975,362
1280,1077,228
1255,1069,266
3663,1448,200
1182,1030,505
1289,1086,262
1184,1032,505
1200,1042,73
1193,1038,459
1121,981,350
2672,1369,16
1658,1206,252
1296,1093,239
1365,612,70
1297,1094,239
1298,1095,239
1299,1096,239
1300,1097,239
1295,1092,239
1332,1128,593
1293,1090,233
1398,565,19
1302,1099,243
1306,1103,247
1307,1104,247
2012,669,690
1353,1151,263
1309,1106,251
1352,1150,263
1312,1109,253
1313,1110,253
1314,1111,253
1315,1112,253
1316,1113,253
1323,1120,255
3639,1932,258
1391,586,70
1310,1107,251
1335,1131,500
1336,1132,500
3463,348,66
1325,1122,255
1427,661,742
1303,1100,243
1305,1102,247
1370,328,76
1327,1124,321
1328,1125,321
1329,1126,321
1330,1127,321
1374,556,63
1334,1130,593
1294,1091,239
1333,1129,593
1337,1133,500
1338,1134,500
1339,1135,501
1340,1136,501
1341,1138,501
1342,1139,571
1343,1140,571
1344,1141,571
1345,1142,449
1346,1143,449
1381,611,70
1348,1145,536
1347,1144,536
2591,1673,299
1350,1148,263
1351,1149,263
1401,393,49
1378,564,19
3608,599,1152
1400,436,21
3526,532,70
1396,454,66
3640,1932,60
3558,249,698
1364,324,60
1363,324,67
2628,1410,282
1424,651,693
1404,358,63
690,247,77
1356,1147,690
1403,605,20
2019,691,690
1320,1117,254
1319,1116,254
1399,561,21
1369,1163,21
1375,620,60
1385,574,63
1397,1172,66
2548,1650,1207
3451,426,20
1318,1115,254
1380,343,64
2626,1410,596
685,253,76
1936,108,419
1373,566,67
1429,1180,730
1360,1157,71
641,615,72
1382,1166,19
1321,1118,254
1434,1183,742
1322,1119,254
1435,1183,739
1389,1170,78
1394,1171,19
1390,461,73
1920,1388,1338
1919,1388,1386
1301,1098,243
1308,1105,251
648,563,126
1428,1180,742
1383,626,71
780,744,245
1958,1401,141
476,72,300
2627,1410,224
1372,331,72
1366,624,70
646,537,22
1379,1165,67
2629,1410,275
2630,1410,542
1359,1156,49
1431,1182,739
1311,1108,253
1376,569,22
1304,1101,243
1377,606,65
1430,1181,1180
1368,1162,19
1349,1146,536
2677,1367,16
2026,860,690
2032,1414,499
1407,554,70
2675,1367,102
1392,418,640
1393,418,31
1388,592,21
1432,1182,730
1433,1182,742
2676,1367,54
2033,1414,1147
2034,1414,802
1386,1168,70
1405,1176,19
1476,429,60
1465,285,64
2631,697,515
1597,1241,138
3789,1973,742
1501,1208,1207
1444,1188,432
1448,590,1178
1563,1226,111
1922,1389,1203
3610,1173,1179
1454,344,66
608,455,70
3559,463,74
1489,388,77
1492,323,77
1575,1229,133
1552,1221,432
1487,594,70
1447,1174,1179
1458,349,70
1457,346,62
3527,407,103
1478,450,1177
1494,342,77
1474,1200,64
1467,357,71
1461,351,60
1473,482,20
3641,1710,690
1497,1182,1185
1446,1189,742
1445,1189,250
1451,309,67
1553,1222,166
1551,1221,166
1605,1245,138
1517,1211,456
1482,1203,20
3479,470,68
1523,94,166
1921,1389,1386
1541,1218,224
1540,1218,166
1539,1217,166
1524,94,290
1564,1227,138
3711,519,1844
1534,1215,432
1533,1215,596
1532,1215,499
1531,1215,362
1530,1215,275
1529,1215,290
1528,1215,166
1527,1215,224
1526,1215,740
1491,402,67
1463,319,73
1453,336,21
1449,591,1178
3585,772,660
1471,1199,20
1496,1185,1182
1556,1224,741
1516,1211,66
1515,1211,224
3666,257,695
1437,1184,742
1684,1272,651
1538,1217,224
1495,1185,250
1443,1188,742
1537,1216,111
1536,1216,704
1535,1216,166
1456,1195,65
1486,356,62
1459,363,79
1480,371,49
1483,237,60
1581,1232,252
1580,1232,249
1450,1175,1177
1452,372,67
956,320,72
1571,1229,111
1589,1236,1206
3609,340,1152
1484,1204,49
2679,1368,102
1604,1244,250
1602,1242,1206
2549,1650,1208
1503,1210,166
1490,383,77
1442,1188,250
1519,1213,224
1520,1213,456
1455,295,67
1502,1209,1207
1593,1239,138
1542,1219,166
1493,267,77
3736,911,348
1500,1187,250
1499,1187,406
1423,651,739
1570,1229,138
1574,1230,133
1573,1230,111
1572,1230,138
1568,1228,411
1567,1228,223
1440,1186,738
1562,1226,133
1561,1226,138
2652,16,1367
1577,1231,1206
1594,1239,111
1595,1239,133
1441,1187,742
1582,1233,250
1596,1239,742
3829,102,1845
1583,1234,742
1584,1234,138
1585,1234,133
1550,1220,432
3790,1973,651
1588,1235,226
1587,1235,252
1543,1219,224
1544,1219,223
1549,1220,166
1578,1231,223
1592,1238,223
1548,1220,223
1545,1219,432
1586,1234,111
1598,1241,133
1599,1241,111
1735,1286,1206
1715,1286,252
1734,1240,1206
1690,1274,742
1609,1246,567
1610,1246,466
1612,1248,223
1737,1288,1206
1717,1288,252
1608,1246,411
1633,1257,111
1634,1257,133
1635,1257,111
1636,1257,742
1630,1256,133
1924,1390,1386
1671,1266,742
1607,1245,133
1606,1245,111
1691,1274,651
1732,1284,1206
1731,1235,1206
1740,1254,1206
1720,1254,500
1719,1254,1289
1618,1251,233
1619,1251,500
2552,1661,69
1679,1270,741
1680,1270,651
1667,129,23
1631,1256,111
1632,1256,742
1742,1222,1206
1744,1263,1206
1648,1261,229
1640,1259,133
1638,1258,411
1637,1258,500
1620,1252,742
1746,1299,1207
1752,1306,1206
1654,1262,249
3560,1919,1845
1750,1303,1207
1724,1294,1207
1642,1259,138
1643,1259,742
1639,1258,1206
1657,1263,801
1656,1263,250
1741,1290,1206
1743,1262,1206
3642,1829,71
1736,1287,1206
1716,1287,252
1755,1310,1207
1729,1161,1206
1753,1307,690
1710,1282,742
1711,1282,651
3792,1974,651
1692,1275,730
1722,1292,1207
1960,1403,141
1668,1264,1184
1669,1264,730
1670,1265,1184
2596,1675,22
1143,273,639
3583,273,103
3528,368,103
1730,1297,1206
1695,1276,742
1696,1276,739
1697,1276,730
3760,1963,70
3791,1974,742
3762,1671,81
1693,1275,742
3667,258,60
1747,1300,1207
1748,1301,1207
1749,1302,1207
3759,1963,279
1647,1261,250
1677,1268,742
1032,338,65
1641,1259,111
1725,1295,1207
1615,1249,111
1590,1238,500
1728,1160,1206
1701,1277,651
1700,1277,741
1703,1278,651
1702,1278,739
1705,1279,651
1704,1279,741
1707,1280,651
1706,1280,741
1709,1281,651
1708,1281,741
1694,1275,651
3611,1308,499
1733,1285,1206
1611,1246,223
3761,1671,73
1751,1304,1207
1713,1283,730
3737,1946,250
3586,453,65
1425,651,862
1754,1309,1207
1622,1252,138
1623,1252,133
1421,651,741
1683,1272,742
1616,1249,138
1624,1252,111
1718,1251,1289
1739,1251,1206
1629,1256,138
1628,1255,593
1614,1249,133
1939,660,567
1617,1249,742
1714,1242,801
1613,1248,250
1723,1293,1207
1745,1298,1207
1591,1238,233
1678,1270,742
3561,567,1179
1944,695,312
1796,1333,500
1800,1331,500
1504,1210,66
1945,695,249
1802,1330,411
1777,1318,742
1804,142,178
2013,670,690
1781,1325,651
1759,361,21
1783,1327,651
503,65,527
1946,695,389
277,161,144
1998,1312,690
2655,187,300
3813,1984,389
1786,1329,126
1712,1283,742
3562,567,660
1827,1350,250
1825,1348,250
1826,1349,250
2027,861,690
1828,1351,250
1829,1352,250
1820,1344,250
1784,166,718
3738,1946,243
2731,1725,599
1766,487,60
2732,1725,76
1768,1316,250
1769,1316,1315
1767,1315,250
1823,1346,742
3739,1946,223
2576,1668,432
1505,1210,224
1822,1346,223
1806,1336,200
1765,370,62
1757,378,62
2005,650,690
2577,1668,456
3814,1984,22
1925,1391,1386
1780,1321,166
1973,108,614
1762,619,74
1972,108,627
1808,1338,1217
1241,1064,266
1242,1064,341
2554,1662,49
1764,424,64
504,65,606
481,72,122
1961,1405,108
816,457,74
1243,1064,354
1506,1210,772
1832,1231,1328
1675,742,1184
305,67,273
1807,1337,250
3793,1975,742
1830,1353,250
2553,1662,519
2750,1729,66
1798,1332,411
1244,1064,524
1794,1334,411
3529,550,1179
2633,1688,78
1803,141,139
1409,1177,240
1811,1289,1206
2749,1729,257
234,198,301
1805,801,1206
2748,1729,524
1818,1343,250
1813,1306,250
1778,1319,742
1817,1342,250
1793,1334,500
1821,1345,250
1792,1334,1206
1674,742,1182
1833,1297,1328
1834,1236,1328
1824,1347,250
1779,1320,166
1411,1177,265
1245,1064,380
1758,329,77
609,508,60
735,224,66
3588,1923,1845
2634,1688,22
3697,498,220
1761,340,76
3643,628,108
1763,444,67
1782,1326,651
1760,1313,71
303,67,299
304,67,513
1234,1064,567
2632,1688,236
3712,638,273
2747,1729,571
3794,1975,651
3713,638,299
1812,1339,250
676,697,279
3614,403,20
3714,638,575
2693,1705,408
2598,1676,22
505,65,503
506,65,119
1756,1311,1207
3670,231,1152
32,102,16
1797,1332,500
33,102,54
1770,1317,250
306,67,270
1814,1340,250
1579,1232,1206
1771,1317,1315
1772,1317,1316
24,92,63
1790,1332,1206
2020,803,690
1943,695,257
1774,1317,1207
1816,1341,432
1795,1333,411
1831,1160,1328
2021,1413,690
2037,1416,742
2038,1416,499
2039,1416,802
2040,1416,1147
2014,671,690
1840,1211,166
929,225,76
930,225,77
1866,1373,466
1867,1373,325
931,225,67
315,69,249
2103,1456,250
1884,636,81
932,225,14
2091,1451,1207
3631,1931,499
1855,1365,166
1854,1364,166
1856,1366,166
3698,274,103
1859,1371,250
933,225,109
934,225,18
1850,1359,406
1849,1359,250
1848,1358,166
1852,1361,166
1000,286,60
1947,1396,643
2045,888,690
1879,182,380
1894,172,253
2113,240,64
823,252,77
2600,1677,22
3589,1924,1845
830,242,73
3615,288,103
1869,1374,240
3202,1821,224
2086,1448,690
736,224,21
822,252,76
3671,428,108
2092,1451,250
2089,1450,1207
1685,1273,742
3672,428,1399
1663,1206,308
2028,875,690
2006,1411,650
1886,89,356
2007,1411,690
1999,644,690
2082,1152,252
2083,1152,249
2090,1450,250
2635,1689,270
2093,1452,690
2078,252,1152
1882,637,88
2096,1453,1207
1885,1378,166
3673,428,1405
2110,244,1064
3715,894,1504
3767,1965,259
2066,1438,281
1881,655,739
1883,637,108
1902,1380,79
3740,1947,250
1858,1346,250
1887,89,425
1845,1192,250
2035,1414,564
1888,89,275
3855,1989,483
1851,1360,166
3768,1965,72
1857,1341,166
1815,1341,250
1880,1377,1207
2111,1461,1207
1846,1192,245
2100,1455,1207
1662,1206,250
2556,1663,69
2052,690,499
1962,643,432
1963,643,738
2101,1455,250
2070,1441,250
2069,1441,1207
2056,1422,166
2104,1457,1207
2105,1457,250
1889,89,457
1890,89,314
1964,643,1061
2094,1452,389
1686,1273,741
3856,1989,255
3857,1989,257
2108,1460,1207
2109,1460,250
1897,175,284
2106,1459,1207
1853,1362,166
1898,175,268
1891,89,486
1899,175,385
3870,1995,515
2555,1663,249
2097,1453,250
3563,489,81
3530,486,23
3882,2002,515
2049,891,690
3691,525,108
1911,1383,166
1916,1385,224
1915,1385,166
1906,679,740
777,739,651
776,739,655
3858,1989,22
1893,196,223
3692,525,1399
623,525,70
2112,1461,250
1507,1210,456
2107,1459,250
455,22,134
1926,1392,166
2098,1454,1207
2099,1454,250
2102,1456,1207
3909,2014,420
3910,2014,20
1217,532,18
2174,1494,247
2184,1499,252
2219,1523,250
2218,1523,1207
2202,1509,250
847,232,69
2201,1509,1207
1439,1185,742
1649,1261,233
1650,1261,801
1651,1261,111
1652,1261,133
1653,1261,138
1555,1223,593
1554,1223,166
2114,240,1177
2601,1678,402
2115,240,73
2140,1477,239
2602,1678,67
2123,1469,232
471,72,230
2116,240,67
2141,1478,239
1982,108,525
2126,1472,232
1218,532,38
1276,223,166
1219,532,23
738,224,116
711,560,31
3564,515,697
2142,484,68
2190,1504,249
2191,1504,232
3699,625,108
2145,1480,250
1791,1333,1206
1799,1331,411
1789,1331,1206
1801,1330,500
1788,1330,1206
2197,1506,521
1738,1246,1206
2128,1474,232
1819,1344,1343
2189,1503,252
2209,1515,1207
1600,1241,742
1601,1241,567
1727,1231,1289
2557,1664,232
3616,540,61
2558,1664,69
2144,1480,1207
2148,417,71
2232,1534,250
2216,1521,253
2061,1427,389
2210,1515,250
2178,1496,1207
2179,1496,250
2137,501,39
2147,1481,250
3716,992,67
3590,1925,270
2208,1514,166
2158,1485,250
2157,1485,1207
3591,1925,67
706,265,65
3645,310,19
2168,1491,250
2167,1491,1207
704,265,64
2129,265,1177
1462,391,79
1546,1219,772
1547,1219,245
3531,535,65
2155,1484,312
2636,1690,236
2200,1508,252
2136,603,78
2139,1476,239
2694,1705,71
2204,1357,1504
2143,1479,301
2188,1502,261
2163,1489,250
2162,1489,1207
2153,1483,249
472,72,238
3674,422,68
1259,266,1064
2124,1470,232
2196,1506,226
1260,266,73
1261,266,60
2187,1501,261
2154,1483,69
2175,1494,77
3741,1948,250
2119,1465,232
2125,1471,232
3796,1976,651
2120,1466,232
2121,1467,232
2146,1481,1207
2181,1497,250
2180,1497,1207
2156,1484,22
760,389,22
2161,1488,314
811,567,81
2203,1510,166
2127,1473,232
2206,1512,166
2207,1513,166
2211,1516,166
2212,1517,166
2213,1518,166
2214,1519,166
2215,1520,166
2217,1522,166
2149,1482,231
2150,1482,353
2199,1507,263
2221,1524,166
2222,1525,166
2227,1530,166
2223,1526,166
2224,1527,166
2225,1528,166
2226,1529,166
2195,1505,263
2228,1531,166
2229,1532,166
2230,1533,166
1991,108,1204
2177,1495,250
2176,1495,1207
2205,1511,231
2166,1488,78
2233,1535,166
2293,1537,76
2338,1580,250
1012,292,64
2328,292,1177
2604,1679,257
2605,1679,78
2236,1364,432
2239,1365,223
2231,1534,1207
2350,1586,250
2337,1580,1207
969,341,63
2313,1568,226
2286,1503,76
2250,341,1064
2340,1581,250
2284,1560,76
2339,1581,1207
2344,1583,250
2241,1539,250
2240,1539,1207
2343,1583,1207
2325,1573,250
797,223,168
2639,1691,299
2290,1562,250
2289,1562,1207
2254,1548,250
2253,1548,1207
2272,447,1179
2324,1573,1207
2282,1476,69
2320,1571,76
2271,1554,250
3742,1951,250
1067,298,77
1470,404,71
1014,272,109
1013,272,60
3532,272,103
1050,277,64
2276,1557,239
2277,1557,69
2301,1498,76
1056,291,77
3592,1926,270
993,282,76
1036,355,49
2319,1571,226
2367,701,200
2274,1555,250
2273,1555,1207
3565,1920,1845
1773,250,1207
2252,1547,250
2251,1547,1207
2259,1092,69
1266,257,22
826,772,63
1041,294,67
2295,1543,76
827,772,70
2323,1572,76
1254,772,1064
3771,1597,66
1028,354,63
2322,1572,226
2327,1574,250
2299,1564,250
2298,1564,1207
2353,354,1064
2234,1536,263
3798,1977,651
2258,1552,250
2257,1552,1207
2304,1550,76
2300,1483,76
1007,288,49
2306,1559,76
2314,1568,76
2318,1570,76
2317,1570,226
2312,1567,250
2311,1567,1207
2316,1569,250
2315,1569,1207
2326,1574,1207
2332,1577,250
2330,1576,76
2329,1576,226
2331,1577,1207
2310,1566,250
2309,1566,1207
2270,1554,1207
3617,1928,410
1011,483,22
2334,1578,76
2333,1578,226
3797,1977,742
2336,1579,76
2335,1579,226
2260,1553,432
2603,1679,255
2307,1565,226
2342,1582,76
2341,1582,226
2359,398,20
766,279,70
2368,738,662
2346,1584,76
2345,1584,226
2355,1588,76
2354,1588,226
1024,547,78
2352,1587,250
2351,1587,1207
1040,294,60
2357,1589,250
2356,1589,1207
2261,1553,290
2269,486,1504
2198,226,1506
1029,420,20
2308,1565,76
2361,274,18
3646,338,103
3460,308,73
3700,443,108
1810,1328,1206
2365,226,653
3701,443,1399
3702,443,1405
992,360,63
2278,360,73
2366,702,200
2364,703,642
2291,1508,76
1236,1064,244
2321,325,77
1402,587,70
1237,1064,236
1565,1227,111
3675,429,108
1566,1227,249
1576,1227,133
1238,1064,228
1239,1064,348
2095,1452,511
1125,366,31
1124,366,69
1240,1064,571
1198,1041,67
3533,380,103
376,19,287
377,19,622
378,19,369
379,19,125
380,19,138
501,65,270
502,65,532
507,65,122
2404,1468,69
342,20,412
343,20,478
344,20,400
345,20,411
352,20,598
353,20,420
354,20,423
355,20,398
356,20,407
357,20,409
358,20,426
359,20,605
346,20,403
347,20,531
348,20,460
349,20,405
350,20,602
351,20,425
1270,459,61
1045,373,62
1233,1063,166
1135,409,20
2388,1507,49
1673,742,1183
802,249,69
2387,1598,250
2399,1472,69
2400,1471,69
734,709,200
1180,369,19
1371,588,70
3453,405,20
1142,273,14
2412,1604,250
2411,1604,1207
1139,367,60
744,270,23
2373,1326,1180
2379,1592,250
2378,1592,1207
1464,303,76
1264,236,22
745,270,67
1263,236,78
333,66,236
2401,1470,69
670,693,651
447,22,395
1938,116,457
449,22,312
450,22,389
451,22,379
497,65,400
498,65,338
499,65,274
1937,116,275
2371,376,637
334,66,524
335,66,290
2424,1609,250
2423,1609,1207
2220,322,639
2362,1147,1414
2406,1603,250
2405,1603,1207
3566,414,70
1222,392,108
3618,275,116
962,322,67
3718,1936,250
1123,365,70
3593,593,65
1357,1152,394
2381,1593,250
2380,1593,1207
1082,599,76
1208,394,76
2375,394,1152
2374,1326,661
2420,1607,250
2419,1607,1207
2418,1606,250
2417,1606,1207
2392,1600,250
2391,1600,1207
3647,1202,1179
3648,287,103
1051,423,20
2370,332,126
2396,1601,250
2395,1601,1207
1122,350,19
2416,1605,250
2415,1605,1207
3676,555,71
2394,1473,69
1265,236,66
2393,1474,69
1188,301,31
1187,301,69
1192,368,63
2372,1590,651
1141,273,67
2377,1591,250
2376,1591,1207
3719,1936,22
3743,1953,252
3744,1953,76
2402,1469,69
2386,1598,1207
336,66,380
3534,819,108
3594,299,64
2490,1636,250
2489,1636,1207
18,83,82
2500,1643,223
2428,1611,250
22,87,27
2488,1635,73
2480,1633,284
2503,1644,73
2511,1648,266
2440,1617,76
2439,1617,599
2427,1611,1207
2443,755,226
2458,1623,76
2457,1623,231
2436,1615,250
2435,1615,1207
551,71,626
552,71,135
2442,1618,250
2441,1618,1207
2492,1637,284
3595,299,103
3840,1927,1504
1209,394,81
2245,1543,253
473,72,265
2465,1625,76
2464,1625,231
5063,2618,381
2446,1619,76
2445,1619,231
2467,1626,250
2466,1626,1207
153,49,52
154,49,88
370,49,119
2471,1628,76
2470,1628,231
2449,1620,250
2448,1620,1207
397,60,111
398,60,120
399,60,122
579,667,190
578,667,157
2455,1622,250
2454,1622,1207
890,627,38
3649,584,1178
2456,1511,49
2478,1632,1207
804,249,76
3404,568,103
2479,1632,250
2491,328,1506
2476,1631,1207
2463,1624,250
2469,1627,250
2468,1627,1207
2160,1486,263
2159,1486,485
2510,1486,49
2459,1505,49
2475,1630,250
2474,1630,1207
880,802,690
2560,474,1504
1070,274,23
3413,481,68
596,499,669
3745,1954,250
2481,1633,258
2487,1635,284
294,67,304
295,67,225
2495,1638,73
474,72,320
475,72,333
477,72,390
2462,1624,1207
478,72,446
3568,438,108
2497,1639,73
479,72,331
3720,1935,22
2508,1647,73
2507,1647,266
737,224,77
3815,1985,459
2496,1639,389
3799,1978,742
3620,293,108
2450,1621,231
2434,1614,250
2433,1614,1207
2504,1645,223
2486,1634,250
2485,1634,1207
2477,1631,250
2493,1637,73
2482,1633,73
2247,1544,250
2246,1544,1207
2505,1646,432
894,629,21
2451,1621,76
2447,1551,69
239,95,432
240,95,445
241,95,408
3816,1985,22
3567,438,1405
2494,1638,389
480,72,120
2256,1551,239
2452,1542,69
242,95,510
243,95,555
244,95,499
2453,1536,49
245,95,417
2151,1482,433
2152,1482,371
2460,1502,49
2461,1501,49
2501,1493,49
2173,1493,261
2509,1490,69
2171,1490,428
2172,1490,261
2506,1478,69
2235,1537,253
2438,1616,76
2437,1616,599
2532,1655,228
1992,108,429
3923,2020,72
2521,1652,437
2520,1652,69
1942,660,236
2606,1680,270
2607,1680,67
2656,653,599
2818,1745,63
2817,1745,772
2349,1586,1207
650,103,546
655,103,292
5064,2617,432
2792,548,639
2513,1479,69
2523,1653,73
2522,1653,242
2806,217,485
2805,217,401
197,217,49
2533,1655,73
2696,1706,71
2695,1706,408
3717,1935,250
3801,1979,742
2657,653,394
3921,2020,238
3064,1797,567
3065,1797,224
2502,1644,266
1676,1267,742
2705,1712,417
3802,1979,651
2769,1737,653
2706,1712,71
882,802,651
881,802,220
1993,108,440
2770,1737,249
2771,1737,702
2772,1737,740
1994,108,442
2292,1521,76
2807,1743,285
3439,271,64
1995,108,430
3721,1937,225
3746,1955,252
3747,1955,76
2773,1737,704
2774,1737,224
2775,1737,742
2776,1737,739
2777,1737,741
2778,1737,270
2409,1465,69
1976,108,629
2808,1743,64
1974,108,617
1981,108,625
2779,1738,653
2780,1738,701
2781,1738,432
2782,1738,729
3569,1921,1845
1481,396,19
2791,551,639
3621,419,108
1479,416,22
3389,476,68
3677,228,1064
3922,2020,66
2408,1466,69
2385,1597,78
2384,1597,236
2798,1741,70
2797,1741,257
2804,1742,65
2803,1742,338
2794,1740,70
2793,1740,279
2810,1744,63
1367,463,20
2407,1467,69
1980,108,618
2809,1744,368
2820,1746,63
2516,1649,73
1990,108,441
1989,108,438
2403,1468,232
3841,506,108
3842,506,1399
3861,1991,379
3862,1991,232
2530,1654,281
3863,1991,22
2767,1734,709
2768,1732,653
3871,1996,515
3872,1996,109
3596,436,166
2783,1738,742
3883,2003,515
1904,1382,376
2515,1649,266
2824,1747,729
2825,1747,642
2826,1747,432
2819,1746,772
2531,1654,239
2514,1477,69
2512,1482,49
3903,2011,66
3919,2019,411
3920,2019,20
3911,2015,398
2580,1668,394
2581,1668,742
2658,653,376
2659,653,280
2660,653,456
2827,778,228
2413,1438,69
2414,1436,69
2065,1436,281
2243,1542,301
2164,1487,312
2165,1487,22
2551,1661,249
2828,1499,76
2294,1540,76
2244,1540,253
2541,1658,301
2535,1656,239
2534,1656,281
2519,1652,301
2518,1652,249
2302,1549,76
2255,1549,289
2303,1550,289
3912,2015,20
3904,2011,278
2524,1651,242
2642,1692,73
3535,241,71
2275,1556,289
2829,1556,76
2612,1682,67
2611,1682,270
2617,1684,270
2830,915,257
2831,915,255
2832,915,22
2959,1771,742
2960,1771,249
2281,1559,289
2961,1771,1393
2962,1771,1338
2835,1749,389
2836,1749,73
3536,527,108
3537,527,1399
3570,524,1064
2841,1749,22
5065,2619,38
3622,1929,410
2919,1766,457
2871,1757,72
2894,1762,653
2895,1762,252
3703,608,1179
3650,410,1504
3859,1990,108
2896,1762,226
2897,1762,1393
2898,1762,1338
2837,913,257
2838,913,413
2839,913,255
3748,1956,250
3860,1990,1399
2853,1648,73
2855,1754,73
2854,1754,389
2857,1755,73
2856,1755,389
2920,1766,74
2940,1769,653
3873,1997,515
3874,1997,109
2763,1734,294
2764,1734,270
2765,1734,224
2766,1734,432
2935,1768,772
2917,1765,567
3538,446,1177
2662,1695,71
2661,1695,241
2918,1765,1179
3257,1824,166
2921,1767,653
2922,1767,252
2941,1769,252
2874,1759,653
2875,1759,252
2876,1759,245
2877,1759,432
2878,1759,1458
2879,1759,742
2880,1759,242
2881,1759,249
2882,1759,1394
2883,1759,224
2884,1759,593
2885,1759,739
2754,1735,226
2889,1760,73
2888,1760,389
2923,1767,801
2925,1767,1393
2926,1767,1338
190,108,84
2899,1762,742
2900,1762,242
2901,1762,249
2902,1762,224
2903,1762,739
2904,1730,381
2905,1730,21
1988,108,527
2943,1769,742
2755,1735,224
2756,1735,249
2757,1735,1394
2758,1735,432
3803,1980,742
3884,2004,515
2916,1764,21
2915,1764,381
2720,1721,361
2796,1741,365
2906,1763,653
2907,1763,252
2858,1756,653
2859,1756,252
2936,1768,66
2937,1768,380
1987,108,503
3083,1801,308
3084,1801,1328
3085,1801,249
2908,1763,388
2909,1763,1458
2910,1763,742
2911,1763,249
2912,1763,224
2913,1763,310
2860,1756,226
2944,1769,242
2861,1756,1393
2862,1756,432
2863,1756,419
2934,766,74
2852,1121,257
2847,1121,257
1324,1121,255
3086,1801,411
2938,1768,278
2939,1768,266
2927,1767,434
2928,1767,742
2870,1757,238
3843,1354,136
2929,1767,242
2930,1767,226
2864,1756,249
2865,1756,224
2866,1756,702
2868,1756,1458
2869,1756,742
2951,1770,1179
2950,1770,567
2952,767,74
3900,2010,348
3901,2010,66
3905,2012,467
3906,2012,20
3913,2016,398
3844,1354,119
3678,284,60
3914,2016,20
3539,528,108
3012,1786,653
2983,1778,434
2984,1778,742
2958,1771,434
2956,1771,226
2955,1771,252
2954,1771,1289
2953,1771,653
2945,1769,224
2946,1769,1338
2947,1769,1289
3845,430,1405
3651,1204,108
3046,1793,223
3045,1792,71
2975,1775,772
2976,1775,66
2948,1769,801
3598,521,1506
3002,601,20
3623,490,1178
3681,507,108
2990,1779,63
2989,1779,772
3008,1783,422
2967,1774,653
2968,1774,226
2969,1774,223
2970,1774,1393
2971,1774,1338
2972,1774,742
2973,1774,249
2974,1774,1289
3817,504,1399
3067,1799,653
2963,1772,772
2964,1772,66
3875,1998,515
3682,507,1399
3009,1783,484
3010,1783,68
3068,1799,252
3069,1799,226
3062,1797,223
2977,1776,457
2998,1780,226
2999,1780,1328
3003,1782,772
879,102,139
2965,1773,457
2966,1773,74
3000,1781,457
3001,1781,74
3020,1785,772
3021,1785,63
3023,1787,68
3022,1787,422
2978,1776,74
2982,1778,653
2991,1780,653
2992,1780,223
2993,1780,801
2994,1780,742
2995,1780,730
2996,1780,249
2997,1780,1289
3063,1797,740
3070,1799,742
3071,1799,224
1113,362,65
1112,362,23
3749,1957,279
3750,1957,70
3776,1968,742
3035,1790,63
3034,1790,772
3072,1799,801
3031,1788,249
3073,1799,249
3074,1799,250
3049,1795,653
3050,1795,223
3051,1795,252
3080,1801,742
3806,1981,651
3013,1786,226
3014,1786,434
3015,1786,742
3016,1786,801
3017,1786,224
3018,1786,1393
3019,1786,738
3052,1795,742
3053,1795,432
3054,1795,224
3805,1981,742
3061,1796,66
3060,1796,772
3090,1803,252
3091,1803,1289
3077,1801,653
3078,1801,226
3705,412,103
3885,2005,515
3033,1789,223
3079,1801,223
3102,1806,653
3076,1800,66
3075,1800,772
3055,1795,249
3056,1795,224
3571,503,108
3024,1788,653
3025,1788,742
3026,1788,1393
3027,1788,801
3028,1788,224
3029,1788,226
3030,1788,1328
3088,1802,66
3087,1802,772
3006,1782,354
3004,1782,63
3005,1782,368
2985,1778,1393
3081,1801,801
2979,1777,567
3044,1792,432
2986,1778,1338
3066,1798,432
3704,412,20
3103,1806,252
3104,1806,742
3099,1805,66
3098,1805,772
3100,1805,63
3105,1806,223
3106,1806,250
3089,1803,653
3082,1801,250
3143,1810,653
3144,1810,1289
3145,1810,1328
3146,1810,742
2638,1690,78
1498,729,1186
3213,1830,279
3214,1830,270
3476,1911,23
3215,1830,389
3572,1922,1845
3159,1812,653
3160,1812,801
3161,1812,252
3162,1812,742
3164,1812,249
3165,1812,1289
3121,1808,308
3166,1812,1328
3652,390,1177
3211,1830,275
3212,1830,236
3216,1830,312
3231,1839,1307
3818,1986,567
3122,1808,250
3819,1986,22
3706,1830,499
3201,1821,223
3107,1806,1289
3108,1806,1328
3385,304,67
3540,345,60
3233,1473,22
3234,1473,64
2018,676,690
3295,1850,168
3239,1841,432
3036,1791,653
3037,1791,1289
3038,1791,252
2987,1778,249
2988,1778,738
3876,1999,515
3109,1807,653
3110,1807,252
3111,1807,742
3112,1807,250
3113,1807,500
3114,1807,801
3115,1807,226
3196,1819,223
3116,1807,1328
3240,1841,71
3205,1823,223
3129,1809,653
3130,1809,252
3131,1809,1289
3132,1809,742
3133,1809,250
3197,1819,224
3135,1809,1328
3136,1809,411
3137,1809,308
3138,1809,250
3139,1809,801
3140,1809,223
3141,1809,249
3142,1809,226
3150,1811,653
3151,1811,250
3152,1811,226
3153,1811,252
3154,1811,223
3155,1811,742
3156,1811,1328
3157,1811,801
3158,1811,249
3707,1830,432
2081,249,1152
803,249,31
3147,1810,801
3148,1810,250
3149,1810,226
3599,440,108
3057,1795,801
3751,1958,250
3223,1836,1307
656,103,272
3198,1820,223
657,103,338
2637,1690,22
3177,1814,653
280,637,87
3658,282,103
2653,16,1368
2654,16,1369
3178,1814,223
3846,440,1405
3194,1817,224
3190,1816,223
3187,1815,224
3195,1818,223
3179,1814,252
3186,1815,567
3123,1808,801
3199,1820,224
3203,1822,223
3193,1817,223
3220,1833,1307
3117,1808,653
3118,1808,252
3119,1808,742
3388,1879,116
3222,1835,432
3120,1808,411
3125,1808,223
3126,1808,1328
3058,1795,226
3059,1795,411
3039,1791,742
3040,1791,224
3221,1834,1307
2711,1714,78
2725,1722,231
2724,1722,261
3227,784,22
3228,784,64
3041,1791,801
3232,1538,22
3229,784,69
3226,1669,73
3224,1838,432
3230,784,695
3241,1842,432
3242,1842,71
3042,1791,226
3243,1843,432
3244,1843,729
3245,1843,71
3282,1851,457
3283,1851,74
3361,1868,166
3820,502,108
3573,306,65
3653,279,697
3683,325,103
3284,1851,541
3285,1851,1844
3725,1940,250
3668,258,73
3864,1992,108
3302,1820,168
3338,1855,224
3865,1992,1405
3339,1855,66
3182,1814,323
3541,1917,1845
3542,1917,22
3363,1869,596
3308,1797,168
3278,1849,166
3279,1850,223
3306,1816,168
3364,1869,381
3261,1820,166
3262,1819,166
3355,1865,66
3356,1866,224
3357,1866,66
3346,1858,20
3344,1859,224
3303,1819,168
3286,1784,168
3247,1784,166
659,103,373
660,103,274
3345,1859,66
3312,1845,14
661,103,407
3287,1789,168
3310,753,20
3311,753,166
3752,1952,23
1699,1276,651
3263,1818,224
3296,1846,168
3253,1825,166
3297,1825,168
3299,1823,168
3183,1814,226
3669,258,66
3360,1868,223
3821,502,1399
3847,1987,236
3848,1987,22
3313,1845,18
3206,1823,224
3291,1794,168
3340,1856,224
3341,1856,21
3362,1869,275
3252,1794,166
3249,1789,166
3258,1823,166
3300,1822,168
3264,1818,166
3259,1822,166
3304,1818,168
3314,1845,22
3315,1845,38
3316,1845,62
3317,1845,65
3318,1845,67
3319,1845,70
3188,1815,223
3269,1815,166
3307,1815,168
3320,1845,89
3309,752,20
3321,1845,1375
3322,1845,181
3323,1845,211
3324,1845,1252
3325,1845,1261
3326,1845,1262
3327,1845,1376
3328,1845,697
3329,1845,642
3330,1845,102
3365,1869,362
3366,1869,21
3367,1870,275
3368,1870,21
3293,1847,168
3292,1848,168
3624,1356,697
3886,2006,515
3289,1793,166
3290,1793,168
3347,1858,223
3200,1817,772
3265,1817,166
3301,1821,168
3305,1817,168
3333,1854,1307
3348,1860,224
3349,1860,66
3342,1857,223
3343,1857,166
3350,1861,223
3351,1862,223
3352,1863,223
3353,1864,223
3354,1865,224
3358,1867,224
3359,1867,66
3246,1178,376
3371,1871,21
3275,1848,166
3268,1797,166
3266,1816,224
3260,1821,166
3267,1816,166
211,162,247
128,162,123
3370,1871,275
3372,1872,249
3373,1872,1504
3374,1873,249
3375,1873,1504
1508,1210,314
1509,1210,457
1510,1210,596
1511,1210,362
1512,1210,361
1513,1210,290
1514,1210,567
1868,170,531
1557,1224,730
1558,1224,742
1559,1224,739
1560,1224,651
1841,1212,166
1842,1213,166
246,95,505
247,95,135
1892,97,275
252,176,331
2262,1553,499
2263,1553,596
2264,1553,362
2265,1553,275
2266,1553,224
2267,1553,740
2268,1553,166
3396,1883,257
3397,1883,22
3430,1894,515
3424,1891,515
3380,1876,381
3421,1890,422
3422,1890,484
3483,400,18
3174,1813,742
3176,1813,1328
3127,1808,249
3425,1892,515
3167,1812,250
3168,1812,226
3381,1877,381
3382,1878,381
3416,1888,257
3417,1888,695
3418,1888,22
3488,606,18
2949,1769,226
3007,1769,601
2574,1668,376
2575,1668,541
2444,755,69
3169,1813,653
3393,1881,116
3466,1906,1845
3467,1906,226
2886,1759,1289
3400,1884,257
3401,1884,22
3386,1879,381
3403,792,1845
2784,1738,457
2785,1738,499
2786,1738,249
2787,1738,232
2788,1738,410
2789,1738,226
2790,1738,701
753,432,71
3461,1905,1845
3468,1906,229
3426,1892,697
3128,1808,226
3376,1874,381
3428,1893,515
3170,1813,252
3410,1675,1845
3180,1814,801
3181,1814,1328
3414,1887,223
3415,1887,1845
3171,1813,1289
3420,1889,422
1664,1206,411
1665,1206,500
3482,535,18
3477,1912,249
3478,1912,1504
2931,1767,223
2932,1767,460
2933,1767,224
3377,1874,21
3402,1885,257
3431,1895,1845
3383,304,65
3387,1879,21
3390,1880,381
3391,1880,116
3432,1895,312
3450,793,1845
3394,1882,257
3395,1882,695
2182,1498,249
2183,1498,69
3436,1896,422
3438,1897,422
3408,1886,257
3409,1886,695
3411,518,69
3454,1902,266
3455,1902,66
3456,1903,1845
3458,1904,1845
3384,304,14
3398,347,81
3462,348,19
3469,1907,1845
3406,408,71
3481,270,18
3473,1910,1845
3474,1910,22
3470,1908,1845
3392,1881,381
3172,1813,223
3173,1813,345
3399,478,20
2117,240,14
3480,400,14
2592,1673,67
3433,1895,22
3484,527,18
1426,651,742
3434,384,67
3485,1913,249
3486,1913,69
1466,437,69
3543,376,1178
3471,1909,1845
3472,1909,22
3419,1886,22
1460,1198,77
3574,333,69
3429,402,1177
3435,302,72
3437,386,60
3407,630,60
3405,493,72
3457,927,258
3459,1071,258
1422,651,730
3427,433,49
3684,292,103
3332,1853,1307
1863,1372,259
1864,1372,223
1865,1372,224
263,211,230
264,211,247
265,211,257
126,158,87
3254,1846,223
157,172,165
1895,172,226
1896,172,362
1870,1375,304
1871,1375,261
1872,1375,453
1873,1375,362
1874,1375,501
1876,1375,119
1877,1375,49
3544,729,642
3492,515,38
3493,515,109
3575,499,698
3500,1412,650
3501,1915,690
3502,1915,650
3503,647,650
3505,646,650
3504,645,650
3937,2030,264
3924,2021,238
1672,742,1180
2682,1368,101
2680,1368,1367
3494,1914,499
3495,1914,802
3496,1914,773
3498,1914,743
3929,2023,238
662,103,299
663,103,380
664,103,300
3877,1914,1710
3878,1914,1324
2681,1368,1369
584,224,166
665,103,409
3506,650,650
3507,650,1411
3508,650,1915
3612,1308,1147
3613,1308,773
3490,1179,567
3491,1179,459
3654,312,695
666,103,273
667,103,369
3726,1941,223
3727,1941,250
668,103,368
669,103,268
2624,1687,78
2625,1687,22
3779,1687,66
2559,622,19
1971,108,819
1970,108,616
1986,108,507
1985,108,504
1984,108,528
1983,108,506
1979,108,428
1978,108,514
1977,108,502
651,103,325
653,103,287
654,103,288
2811,103,412
2812,103,598
2813,103,568
2814,103,412
2815,103,598
2816,103,568
658,103,290
3043,1791,249
3489,503,18
3625,1930,258
3626,1930,60
3636,442,49
3637,442,108
3849,442,1405
2753,1735,653
2762,1734,279
3930,2023,72
3931,678,224
3932,678,166
3255,1846,224
3902,932,66
3499,564,690
3256,1846,166
3939,2032,230
3294,1849,168
3915,2017,411
3916,2017,20
536,74,619
292,67,120
302,67,575
308,67,324
1785,166,704
3897,166,596
401,61,459
402,61,540
3952,2043,230
3935,2027,264
3950,2042,230
3940,2029,230
3941,2034,264
3942,2035,264
3936,2028,230
3938,2031,230
403,61,550
3948,2040,264
3949,2041,264
3954,2044,264
3945,2038,264
309,67,566
3946,2039,230
3947,2039,72
3955,2045,264
3956,2046,264
3957,2047,264
3958,2048,242
3959,2048,73
3960,2049,242
3961,2049,73
2666,1697,71
2665,1697,245
3962,2050,242
3963,2050,73
3964,2051,242
3965,2051,73
3966,2052,242
3967,2052,73
4041,2099,544
4023,2084,23
3970,2054,245
3971,2054,505
3972,2054,71
2283,1560,226
4040,2098,544
3975,2056,242
3976,2056,73
3977,2057,245
3978,2057,71
3979,2057,505
3973,2055,245
3974,2055,71
3980,2058,242
3981,2058,73
4042,1747,71
4043,1747,643
3968,2053,242
3987,2062,242
3988,2062,73
3969,2053,73
4039,2097,258
3695,230,69
3696,230,31
3991,2064,229
3992,2064,19
4049,2100,258
3995,2066,229
3996,2066,19
2578,1668,280
2579,1668,599
2573,1668,579
4070,2114,403
4051,2102,258
4050,2101,258
4053,2104,395
1721,1291,1207
4054,2105,395
4052,2103,395
4071,2114,20
4055,2106,395
4012,2076,260
4056,2107,400
4057,2107,14
4059,2109,400
4072,2115,403
4073,2115,20
4014,1146,71
3997,2068,260
2363,250,1206
4016,250,1208
4017,2078,316
3999,2069,260
1525,94,325
4018,2079,316
4000,2069,232
4002,2070,260
4004,2071,260
4020,2081,316
3993,2065,260
4015,2077,316
4021,2082,316
4022,2083,316
1940,660,772
1941,660,244
4025,334,70
4006,2072,260
4010,2075,260
3982,2059,232
3983,2059,260
3984,2060,260
3989,2063,260
3990,2063,232
3217,1832,232
2550,1650,1291
3934,2026,264
4026,827,264
1687,1273,730
1688,1273,739
1689,1273,651
3800,1978,651
3795,1976,742
3804,1980,651
1698,1276,741
3951,2042,72
3953,2043,72
4027,2085,704
4028,2085,166
4029,2086,246
4063,2111,403
4032,2089,246
4030,2087,246
4031,2088,246
4033,2091,246
4034,2092,704
4035,2092,166
4036,2093,240
4064,2111,20
4038,2096,240
4067,2113,403
4068,2113,20
4089,2122,20
4074,2116,403
4075,2116,20
4076,2117,403
4060,2110,403
4061,2110,478
4062,2110,20
4096,2126,403
4097,2126,20
4077,2117,20
4078,2118,403
4079,2118,20
4090,2123,403
4080,2119,403
4081,2119,20
4086,2121,403
4087,2121,20
4082,2120,499
4083,2120,432
4084,2120,690
4085,2120,643
4088,2122,403
4091,2123,20
4092,2124,403
4093,2124,20
4094,2125,403
4095,2125,20
4098,2127,231
4065,2112,403
4066,2112,20
4069,2113,2110
4099,2129,231
4103,2130,231
4104,2132,231
4100,2128,432
4101,2128,1396
4102,2128,643
4105,2133,534
537,74,463
4106,2134,534
4107,2135,432
4108,2135,1396
4109,2135,643
4110,897,540
4111,2137,540
4112,2137,61
538,74,580
539,74,576
4116,1792,643
4117,1702,643
4113,2138,540
4115,2138,897
4118,1798,643
4114,1843,643
4119,1843,642
4120,1841,642
4121,2139,414
4122,662,432
4123,662,738
4124,2140,414
4125,2141,432
4126,2141,738
4127,2141,643
4128,2142,414
4129,642,738
4130,2143,314
4131,2143,78
4132,2144,544
4135,2146,314
4136,2146,78
4139,2148,314
4140,2148,78
4137,2147,314
4138,2147,78
549,71,510
550,71,505
3898,166,290
3899,166,592
3894,166,456
3893,166,567
3896,166,275
2192,1504,410
2193,1504,486
2194,1504,474
452,22,483
453,22,236
414,63,243
415,63,228
416,63,225
417,63,341
418,63,360
419,63,354
420,63,368
421,63,122
422,63,134
432,70,119
433,70,134
434,70,135
1436,1183,730
454,22,119
316,69,232
317,69,239
318,69,281
4145,2151,445
4146,2151,71
1412,1177,292
1413,1177,294
1414,1177,367
1415,1177,390
1416,1177,450
1417,1177,446
1418,1177,1175
1419,1177,120
1420,1177,122
3597,445,71
4143,2150,445
4144,2150,71
529,73,461
530,73,120
531,73,134
525,73,389
526,73,511
319,69,301
320,69,418
2237,1538,232
2238,1538,69
299,67,322
300,67,377
301,67,294
310,67,444
311,67,623
312,67,372
313,67,402
314,67,295
307,67,551
296,67,240
297,67,246
458,64,265
459,64,232
460,64,240
461,64,277
462,64,292
463,64,424
464,64,343
465,64,285
466,64,271
467,64,122
468,64,120
4147,1152,190
560,77,325
561,77,123
562,77,122
1438,1184,730
3237,1474,22
3238,1474,64
3985,2061,260
3986,2061,232
439,78,523
440,78,413
441,78,120
2135,78,603
4133,2145,314
4134,2145,78
4148,2153,453
4149,2153,65
4150,2154,453
4151,2154,65
4152,2155,453
4153,2155,65
4154,2156,453
4155,2156,65
4156,2157,305
4157,2158,305
4158,2159,305
4159,2160,305
4160,2161,412
4161,2161,20
4162,2162,412
4163,2162,20
4164,2163,412
4165,2163,20
4166,2164,412
4167,2165,268
4168,2166,23
4169,2166,486
2737,1728,653
4170,2167,486
2738,1728,700
2742,1728,742
2743,1728,457
2744,1728,365
2745,1728,729
2746,1728,432
2678,1367,1368
3925,2021,66
4171,2168,49
4172,2168,52
3926,2021,72
4173,2169,356
4174,2169,62
4175,2170,356
4176,2171,356
4239,2214,166
4177,2172,356
4178,2173,267
4179,2174,267
4312,1119,348
4181,2176,267
4234,2210,278
4182,1829,2175
4255,2222,326
4256,2222,307
4288,2244,1857
3011,1784,223
4180,2175,71
4183,2177,486
4184,2178,304
4185,2179,304
4306,908,348
4307,908,369
4188,2182,304
4186,2180,304
4187,2181,304
4309,908,66
4289,2244,166
4191,2184,345
4290,2245,308
4189,2183,345
4190,2183,308
4192,2185,345
4193,2185,226
4291,2245,1887
3280,1850,224
4194,2186,345
4246,1848,223
4195,2187,345
4197,2187,1651
4198,1638,1651
4247,1848,224
4199,2188,364
4200,1692,1651
4201,1692,1042
4196,1655,1651
4202,2189,347
4203,2189,81
3587,453,39
4044,807,499
4045,807,432
4204,2190,347
4046,807,690
4206,2191,347
4047,807,643
4208,2193,1042
4209,2194,347
4207,2192,347
4048,807,71
1387,1169,74
4212,2196,1042
4210,2195,347
4211,2195,81
4213,2197,347
4214,2197,81
4267,2233,310
4215,2198,347
4216,2198,81
4217,2199,347
4218,2199,81
4219,2200,1042
4220,2201,347
4221,2201,81
4249,2215,313
4223,2203,482
4224,2204,482
4225,2205,1042
4226,2205,73
4222,2202,1042
4227,2206,482
4228,2206,20
4229,2207,1042
4230,2207,73
4250,2217,313
4231,2208,1041
4232,2208,67
4293,2246,598
4236,2213,224
4237,2213,166
4238,2214,224
4248,2216,313
4251,2218,313
4252,2219,307
4253,2220,307
4254,2221,307
3665,1448,499
3892,2009,109
4257,2223,307
4258,2224,307
4259,2225,431
4260,2226,431
4261,2227,431
4262,2228,431
4263,2229,431
4264,2230,431
4266,2232,431
4265,2231,431
4268,2234,310
4269,2235,310
4270,2236,310
4271,2237,310
4272,2237,1699
4233,2209,278
4278,2237,19
4303,2250,278
4024,2033,23
4281,2240,245
4282,2240,71
4283,2240,1699
4276,2239,310
4277,2239,19
4273,1699,310
4274,2238,245
4275,2238,310
4279,2238,71
4280,2238,19
4284,2241,308
4292,902,20
4285,2242,308
4296,902,2246
4286,2243,308
4287,2244,308
4297,2247,405
4298,2247,20
4299,2248,405
4300,2248,20
4301,2249,405
4302,2249,20
4304,910,348
4305,2251,278
4313,2254,602
4294,2246,596
4295,2246,405
3664,1448,457
4311,2252,309
3464,348,1064
4315,2256,602
4316,2257,602
4317,2257,20
4393,2297,354
4319,2258,20
4318,2258,223
4394,2297,63
4321,2260,309
4322,2261,602
4314,2255,602
4395,924,63
4324,2253,309
4323,2262,309
4320,2259,602
4325,2263,284
4326,2264,284
4327,2265,284
4328,2266,284
4330,2268,403
4331,2268,20
4332,2269,403
4333,2269,20
4334,2270,460
4335,2270,223
4336,2270,20
2484,1633,60
2483,1633,66
4337,2271,405
4338,2271,20
3679,284,73
3680,284,1064
4339,2272,286
4340,2272,60
4341,2273,286
4342,2273,284
4343,2273,60
4344,2273,1887
4396,2299,330
4397,2300,330
4347,2275,375
4398,2301,341
4399,2302,330
4350,2277,375
4345,2274,286
4346,2274,60
4351,2278,286
4352,2278,284
4353,2278,258
4354,2278,60
4355,895,1504
4356,2279,542
4357,2280,486
4358,2280,1504
4359,2281,542
4360,896,1504
4361,2282,542
4362,1114,250
4363,1114,254
4400,2303,341
4364,2283,250
4365,2283,1504
4366,2284,542
4367,2285,356
4368,2285,62
4369,706,62
4370,2286,376
4371,2286,62
4372,2287,542
4374,2288,376
4375,2288,62
4401,2303,63
4402,2303,1064
3204,1822,224
4376,2289,376
4377,2289,62
4378,2290,251
4379,2290,62
4380,2291,356
4381,2291,62
4382,2292,243
4383,2292,62
4384,2293,354
4385,2293,63
4386,2294,228
4387,2294,63
4388,2295,341
4389,2295,63
4390,2296,354
4391,2296,63
4392,2296,2276
4348,2276,223
4349,2276,274
4431,2316,485
4432,2316,355
4433,2316,401
2981,1772,63
2980,1775,63
4407,2306,293
4408,2307,368
4409,2307,63
4410,2308,368
4411,2308,63
4412,2308,2276
4413,2309,447
4414,2309,1179
4415,2309,1765
4416,2310,447
4417,2310,1179
4418,2311,485
4419,2311,355
4420,2311,263
4421,2312,447
4422,2312,1179
3763,1671,61
3764,1671,184
4423,2313,492
4424,2313,81
4425,2314,492
4426,2314,81
3272,1847,166
4242,1847,223
4245,1847,224
4243,1849,223
4244,1849,224
3281,1850,166
4240,1825,223
4241,1825,224
3207,1824,223
3208,1824,224
3298,1824,168
4427,1817,63
4434,2316,49
4435,2316,52
4436,2316,2168
4437,901,478
4438,947,223
4439,947,20
4446,2318,259
4447,2318,64
4310,908,19
4373,705,62
4403,2304,228
4404,2304,63
4405,2305,228
4406,2305,63
4430,2316,263
4440,946,223
4441,2246,20
4442,2317,412
4443,2317,20
4444,989,20
4445,988,20
4448,2319,259
4449,2320,259
4450,2320,302
4451,2320,300
4454,796,2321
682,673,143
4452,2321,300
4456,2323,259
3553,259,64
3554,259,72
3770,1966,72
4455,2322,259
2640,1691,67
4520,2375,2345
4457,2324,166
4521,2375,18
4458,71,686
4453,2321,277
4461,2325,261
4462,2325,231
4463,2326,71
4522,2376,2345
4523,2376,18
2036,1415,690
4467,2330,1504
4471,2334,241
4472,2335,241
4473,2336,241
4474,2337,241
4475,2338,285
4477,2340,285
4478,2341,285
4476,2339,285
4576,2409,292
3509,650,1412
4481,2344,317
4480,2343,317
4479,2342,317
4428,2315,376
4429,2315,590
4482,18,687
4484,39,119
4492,2359,1329
3510,650,1914
3511,650,644
3512,650,647
3513,650,645
3514,650,646
3515,650,1312
4577,2409,64
4486,2318,292
4487,2318,277
4488,2318,299
4489,2318,271
4490,2318,285
4578,2409,2318
4491,2358,1329
4517,2374,2358
4518,2374,2359
4567,131,2347
4519,2374,2373
4493,2360,273
4494,2360,14
4524,2379,263
4525,2379,49
4526,2380,263
4568,131,2346
4527,2380,49
4513,130,2372
4512,2371,19
4466,2328,20
4553,2395,417
4554,2395,71
4555,2404,49
4528,2382,263
4529,2382,49
4530,2381,263
4531,2381,49
4532,2383,326
4556,2404,2316
4534,2385,326
4535,2386,263
4536,2386,49
4514,130,2373
4557,2404,263
4558,2404,485
4559,2404,401
4533,2384,326
4538,2388,263
4539,2388,49
4540,2389,263
4541,2389,49
4542,2390,231
4543,2390,49
4544,2391,501
4545,2391,65
4546,2392,304
4547,2392,65
4548,2393,362
4549,2393,65
4550,2394,445
4551,2394,406
4552,2394,71
4515,130,2358
4516,130,2359
4560,2404,355
4561,2347,131
4579,2410,299
4580,2410,64
4581,2410,2318
4565,2406,245
4566,2406,71
4582,2411,285
4583,2411,64
4584,2411,2318
4569,2407,271
4570,2407,64
4571,2407,2318
4562,2405,2318
4563,2405,277
4564,2405,271
4572,2405,64
4573,2408,64
4574,2408,2318
4575,2408,277
4485,2345,18
3218,1832,22
3219,1832,695
4597,1832,2318
4598,1832,64
4599,2412,406
4600,2412,445
4601,2412,71
4470,2333,729
4604,2413,406
4605,2413,71
4595,131,2398
4596,131,2399
4602,131,2400
4603,131,2400
4607,2414,406
4608,2414,71
4657,2445,505
4658,2445,71
4659,2446,73
4660,2446,319
4661,2446,284
4662,2448,284
4663,2448,73
4611,2415,445
4612,2415,71
4613,928,284
4614,928,1064
4615,928,266
4616,2416,445
4617,2416,71
4618,2417,408
4619,2417,71
4620,927,284
4621,2418,505
4622,2418,71
4623,1030,71
4624,2420,505
4625,2420,71
4626,1032,71
4627,1031,71
4628,2422,262
4629,2423,262
4630,1029,71
4631,1099,20
4632,2426,357
4633,2426,71
4664,2449,284
4665,2449,73
4666,2450,284
4667,2450,73
4668,2451,228
4669,2451,73
4585,131,2349
4586,131,2348
4672,127,2454
4587,131,2351
4588,131,2350
4589,131,2352
4590,131,2353
4606,131,2401
4609,131,2403
4610,131,2402
4703,132,2346
4704,132,2347
4705,132,2348
4706,132,2349
4707,132,2350
4708,132,2316
4709,132,2351
4710,132,2352
4711,132,2353
4712,132,2354
4713,132,2397
4714,132,2400
4715,132,2398
4716,132,2399
4634,131,2419
4635,131,2421
4717,132,2401
4718,132,2402
4636,131,2424
4637,131,2425
4638,131,2427
4639,131,2428
4640,131,2429
4641,131,2430
4642,131,2431
4643,131,2432
4644,131,2433
4645,131,2434
4646,131,2435
4647,131,2436
4648,131,2437
4649,131,2438
4650,131,2439
4651,131,2440
4652,131,2441
4719,132,2403
4720,132,2440
4721,132,2419
4653,2443,417
4654,2443,71
4722,132,2421
4723,132,2424
4724,132,2425
4725,132,2427
4591,131,2354
4592,131,2397
4593,131,2397
4594,131,2396
4655,2444,417
4656,2444,71
4677,2460,22
4739,2469,599
4740,2469,231
4741,2469,76
4727,132,2429
4728,132,2430
4729,132,2431
4730,132,2432
4731,132,2433
4732,132,2434
4733,132,2435
4734,132,2436
4735,132,2437
4736,132,2438
4737,132,2439
4738,132,2441
4745,132,2471
4744,131,2471
4687,131,2454
4757,131,2474
4758,131,2475
4863,131,2475
4864,131,2537
4865,131,2538
4845,131,2454
4846,131,2525
4847,131,2526
4848,131,2527
4849,131,2528
4850,131,2528
4851,131,2529
4852,131,2530
4853,131,2530
4866,131,2539
4867,131,2540
4742,2470,394
4743,2470,76
4868,131,2541
4794,131,2498
4854,131,2531
4855,131,2532
4856,131,2533
4857,131,2534
4797,127,2498
4843,127,2531
4883,127,2519
4748,127,2474
4885,127,2543
4886,127,2544
4749,127,2475
4887,127,2545
4888,127,2546
4889,127,2547
4890,127,2548
4891,127,2549
4892,127,2550
4893,127,2551
4800,127,2501
4894,127,2553
4895,127,2554
4896,127,2555
4897,127,2556
4898,127,2556
4899,127,2557
4900,127,2558
4844,127,2532
4821,2518,2442
4726,132,2428
4764,2495,2491
4904,127,2562
4905,127,2561
4906,127,2560
4827,127,2524
4828,127,2523
4876,127,2475
4908,2574,14
5002,2596,296
4909,2575,23
4877,127,2537
4878,127,2538
4879,127,2539
4880,127,2540
4881,127,2539
4882,127,2541
4829,127,2454
4830,127,2525
4831,127,2526
4832,127,2527
4833,127,2528
4834,127,2529
4985,2591,78
4986,2591,413
4987,2591,547
4911,131,2543
4912,131,2545
4913,131,2544
4914,131,2546
4915,131,2547
4916,131,2548
4917,131,2549
4918,131,2550
4919,131,2551
4920,131,2552
4921,131,2553
4922,131,2551
4923,131,2554
4924,131,2554
4925,131,2555
4926,131,2556
4927,131,2556
4928,131,2557
4929,131,2559
4930,131,2557
4931,131,2558
4835,127,2530
4836,127,2531
4958,1038,1179
4058,2108,400
4966,2582,166
4959,2578,1178
4960,2578,376
4837,127,2533
4838,127,2534
4839,127,2536
4840,127,2535
4841,127,2535
4842,127,2534
4822,127,2519
4967,2582,168
4968,2582,740
4969,2583,166
4970,2583,2580
4971,2583,740
5003,2596,282
5004,2596,76
4972,2584,740
4973,2584,166
4974,2584,2580
4962,2580,166
4963,2580,740
4907,127,2550
4976,2586,2576
4977,2585,2576
4978,2587,2576
4979,707,67
4980,2588,516
4981,2588,67
5005,2597,282
5006,2597,76
4983,2590,1179
4984,2590,567
4982,2589,268
5007,2598,282
5008,2599,282
4932,131,2559
4933,131,2566
4934,131,2565
4935,131,2564
4936,131,2564
4937,131,2563
4938,131,2562
4961,2579,742
4964,2581,166
4965,2581,740
4988,2592,21
4939,131,2561
4995,2594,282
4996,2594,2593
4997,2594,168
4998,2595,274
4999,2595,2593
5000,2595,168
5001,2595,23
4990,2593,596
4991,2593,362
4992,2593,21
5014,132,2601
4901,127,2559
4902,127,2564
4993,2593,168
4994,2593,166
4989,2593,275
5013,2593,116
5009,2600,294
5010,2600,292
5011,2600,1887
5012,2600,67
4903,127,2563
4910,131,2519
4940,131,2567
2648,637,52
200,635,492
5016,2602,81
5017,2602,492
5018,2602,567
4941,131,2568
4942,131,2569
4943,131,2571
4944,131,2572
4945,131,2572
4946,131,2573
4858,131,2535
4859,131,2536
4803,131,2501
4860,131,2474
4861,131,2523
4862,131,2524
4956,131,2548
4957,131,2548
4947,131,2549
4948,131,2546
4949,131,2547
4950,131,2545
4951,131,2560
4952,131,2565
4953,131,2570
4954,131,2545
4955,131,2553
5015,131,2601
