id,category_id,page_id,primarylabel
2236,4,1722,f
110,12,78,t
19,3,16,f
71,91,52,f
51,7,39,t
52,8,39,f
30,11,22,t
84,14,64,f
2180,4,1695,f
1726,4,1476,f
75,13,60,t
1045,54,741,t
2773,3,842,f
1436,25,1354,f
26,9,20,t
22,7,18,t
69,92,56,f
23,8,18,f
2257,4,1740,f
1040,44,312,t
77,9,61,t
1019,39,224,t
139,35,122,f
140,28,122,f
1704,4,1465,f
44,89,32,t
103,9,74,t
85,7,65,t
1067,116,772,f
14,3,13,f
88,10,66,f
24,7,19,t
200,33,119,t
29,8,21,f
2774,4,842,f
106,10,76,f
154,34,124,t
45,89,33,f
38,89,27,f
9,89,5,f
87,9,66,t
1039,117,312,f
221,20,108,t
93,11,69,t
155,29,124,f
111,15,79,t
122,25,103,f
1066,39,772,t
2181,3,1695,f
35,89,24,f
34,14,23,f
156,35,124,f
113,9,81,t
1691,3,1454,f
95,11,70,t
1072,34,125,t
25,8,19,f
1073,35,125,f
49,13,38,t
50,14,38,f
97,15,71,t
117,4,82,t
67,91,53,f
1727,3,1476,f
109,11,78,f
68,91,54,f
27,10,20,f
80,10,62,f
1012,53,702,t
20,91,17,t
46,91,35,f
99,13,72,t
86,8,65,f
36,89,25,f
37,90,26,f
81,9,63,t
94,12,69,f
96,12,70,f
1049,39,245,t
100,14,72,f
83,13,64,t
2822,3,1971,f
101,9,73,t
28,7,21,t
114,10,81,f
104,10,74,f
1171,16,1184,t
2209,3,1709,f
127,33,111,t
112,16,79,f
102,10,73,f
79,9,62,t
47,91,36,f
48,91,37,f
1074,29,125,f
1075,30,125,f
142,33,121,t
217,19,144,t
146,33,120,t
147,35,120,f
1054,39,249,t
91,11,68,t
216,92,143,f
157,30,124,f
2208,4,1709,f
215,91,143,t
33,13,23,t
201,35,119,f
90,14,67,f
138,33,122,t
13,4,13,f
118,3,82,f
18,4,16,f
107,15,77,t
143,35,121,f
123,13,109,t
974,54,499,t
124,14,109,f
2237,3,1722,f
39,89,28,f
41,89,30,f
202,28,119,f
98,16,71,f
78,10,61,f
119,20,102,f
108,16,77,f
82,10,63,f
120,24,102,t
197,36,139,t
198,28,139,f
2889,4,2006,f
2890,3,2006,f
89,13,67,t
199,31,139,f
128,30,111,f
76,14,60,f
31,12,22,f
203,30,119,f
15,13,14,t
16,14,14,f
169,67,131,f
176,34,134,t
177,35,134,f
2281,45,492,f
64,14,49,f
178,30,134,f
179,29,134,f
171,67,132,f
307,4,172,f
322,31,178,f
184,34,136,t
185,35,136,f
186,29,136,f
187,30,136,f
188,34,137,t
189,35,137,f
1190,50,1203,t
1068,57,773,t
1046,54,742,t
240,90,34,f
2924,4,823,f
1793,3,1507,f
1089,99,801,t
1681,3,1448,f
2258,3,1740,f
325,4,181,f
326,3,181,f
2061,3,1646,f
379,3,100,f
205,20,141,t
167,67,130,f
289,4,165,f
1207,3,1215,f
1233,3,1239,f
263,4,27,f
1227,3,1233,f
259,4,25,f
166,66,130,t
253,4,29,f
265,4,28,f
1206,4,1215,f
267,4,30,f
288,4,164,f
378,4,100,f
1076,131,410,f
279,4,158,f
2775,3,1956,f
61,4,47,f
302,92,53,f
62,3,47,f
2238,4,1723,f
160,66,127,t
1099,62,815,f
254,3,29,f
318,3,177,f
172,34,133,t
173,35,133,f
174,29,133,f
175,30,133,f
2824,3,1972,f
2271,47,1193,f
164,66,129,t
287,4,164,f
1100,62,816,f
2239,3,1723,f
239,90,32,t
269,4,32,f
270,3,32,f
192,34,138,t
193,35,138,f
194,29,138,f
195,30,138,f
303,92,54,f
301,92,52,f
1744,4,1487,f
141,30,122,f
162,66,128,t
63,13,49,t
257,4,26,f
319,33,178,f
1221,3,1227,f
258,3,26,f
246,90,33,f
271,4,33,f
272,3,33,f
190,29,137,f
191,30,137,f
247,90,26,f
286,3,162,f
291,7,166,f
312,3,174,f
255,4,24,f
256,3,24,f
1195,3,1208,f
241,89,34,f
309,4,173,f
159,67,126,f
161,67,127,f
1092,57,525,t
1184,50,1197,t
323,4,179,f
165,67,129,f
295,4,170,f
2854,4,1987,f
1094,62,804,f
2182,4,1696,f
2855,3,1987,f
1097,62,808,f
292,4,167,f
293,3,167,f
285,4,162,f
317,4,177,f
148,28,120,f
149,30,120,f
311,4,174,f
1692,3,1455,f
320,28,178,f
324,3,179,f
1030,56,719,t
321,36,178,t
170,66,132,t
261,4,5,f
1036,54,730,t
2247,4,1727,f
1214,3,1221,f
1095,62,806,f
1031,85,719,f
1041,56,738,t
296,3,170,f
2925,3,823,f
1013,53,703,t
2910,3,2015,f
327,4,182,f
328,3,182,f
310,3,173,f
168,66,131,t
280,3,158,f
290,3,165,f
308,3,172,f
2248,3,1727,f
73,91,58,f
1728,3,1477,f
1209,4,1216,f
1208,3,1216,f
390,4,97,f
391,3,97,f
430,4,202,f
431,3,202,f
434,4,204,f
1772,3,1497,f
445,14,208,f
435,3,204,f
1222,3,1228,f
426,4,200,f
1047,42,743,t
444,14,208,f
481,40,233,t
414,4,197,f
2776,4,1957,f
448,4,211,f
447,3,210,f
1043,54,739,t
415,3,197,f
458,4,215,f
337,4,187,f
338,3,187,f
361,31,194,f
432,4,203,f
341,34,189,t
342,29,189,f
433,3,203,f
427,3,200,f
462,19,217,t
332,3,184,f
364,4,161,f
461,3,216,f
460,4,216,f
428,4,201,f
450,4,212,f
350,33,192,f
351,28,192,f
352,36,192,t
353,31,192,f
484,44,236,t
348,4,191,f
349,3,191,f
449,3,211,f
459,3,215,f
1841,3,1556,f
438,4,205,f
451,3,212,f
2777,3,1957,f
180,34,135,t
1820,3,1544,f
1246,3,1252,f
404,4,85,f
1729,4,1478,f
1197,4,1210,f
1827,4,1549,f
1037,44,279,t
1215,3,1222,f
469,65,220,f
1185,50,1198,t
1730,3,1478,f
1242,3,1248,f
1238,3,1244,f
1234,3,1240,f
734,44,486,t
1228,3,1234,f
474,53,226,f
277,3,157,f
405,3,85,f
347,3,190,f
412,4,196,f
275,90,157,f
413,3,196,f
331,4,184,f
485,50,237,t
333,4,185,f
1807,4,1537,f
2212,4,1711,f
1755,4,1493,f
144,28,121,f
339,4,188,f
398,4,92,f
380,4,98,f
2213,3,1711,f
399,3,92,f
376,4,95,f
365,3,161,f
377,3,95,f
439,3,205,f
2856,4,1988,f
1191,50,1204,t
1764,71,410,f
346,4,190,f
2184,4,1697,f
2185,3,1697,f
452,4,213,f
453,3,213,f
478,39,230,f
381,3,98,f
386,4,94,f
1756,3,1493,f
354,33,193,f
382,4,89,f
383,3,89,f
278,89,157,f
334,3,185,f
488,39,240,t
335,4,186,f
336,3,186,f
340,3,188,f
387,3,94,f
1032,42,432,f
276,4,157,f
1792,4,1507,f
355,28,193,f
356,36,193,t
403,3,86,f
402,4,86,f
2826,3,1973,f
357,31,193,f
145,30,121,f
1808,3,1537,f
343,35,189,f
1746,4,1488,f
1747,3,1488,f
344,29,189,f
1070,131,242,f
345,30,189,f
358,33,194,f
359,36,194,t
389,3,93,f
388,4,93,f
373,3,88,f
1196,3,1210,f
360,28,194,f
1828,3,1549,f
1693,3,1456,f
635,50,387,t
557,50,309,t
620,50,372,t
627,45,379,t
632,50,384,t
607,50,359,t
626,50,378,t
2892,4,2008,f
523,44,275,t
530,45,282,t
2778,3,1958,f
600,50,352,t
1180,50,1193,t
2791,63,1836,f
594,50,346,t
558,42,310,t
2958,4,2034,f
502,40,254,t
556,42,308,t
1694,3,1457,f
611,50,363,t
2311,4,1760,f
572,47,324,t
2857,3,1988,f
2959,3,2034,f
2312,3,1760,f
528,49,280,t
2241,3,1724,f
513,40,265,t
592,50,344,t
658,53,410,f
2341,4,1779,f
250,24,141,f
2926,4,2020,f
604,50,356,t
2342,3,1779,f
673,45,425,t
664,50,416,t
2937,4,1368,f
2938,3,1368,f
2974,4,2043,f
494,39,246,f
547,45,299,t
625,46,377,t
2259,4,1741,f
561,42,313,t
2260,3,1741,f
493,53,245,f
2114,50,331,t
661,44,413,t
2792,4,1963,f
672,50,424,t
2793,3,1963,f
507,39,259,f
2355,3,1789,f
2288,142,743,f
2321,4,1766,f
2322,3,1766,f
660,42,412,f
3104,4,2123,f
3076,3,2092,f
593,50,345,t
2360,3,1793,f
562,39,314,t
629,39,381,t
2978,4,2045,f
595,42,347,t
548,45,300,t
2909,4,2015,f
1216,3,1223,f
586,45,338,t
669,49,421,t
514,42,266,t
539,46,291,t
2979,3,2045,f
496,40,248,t
503,40,255,t
574,42,326,t
566,42,318,t
512,39,264,t
2272,47,608,f
2183,3,1696,f
2186,4,1698,f
2187,3,1698,f
490,53,242,f
3008,4,2057,f
3009,3,2057,f
508,39,260,f
3022,4,2064,f
3023,3,2064,f
1223,3,1229,f
568,50,320,t
1210,3,1217,f
506,39,258,f
553,42,305,f
649,45,401,t
580,66,332,f
1199,3,1211,f
1198,4,1211,f
510,40,262,t
536,45,288,t
596,42,348,t
3110,4,2126,f
3111,3,2126,f
618,50,370,t
2174,3,1693,f
498,53,250,f
653,42,405,t
2290,4,915,f
504,40,256,t
1229,3,1235,f
2291,3,915,f
564,39,316,f
3067,3,1560,f
1732,3,1479,f
2214,4,1712,f
2215,3,1712,f
3096,4,2118,f
3097,3,2118,f
2828,3,1974,f
2329,4,767,f
2330,3,767,f
492,39,244,t
2362,4,1796,f
2363,3,1796,f
623,50,375,f
3105,3,2123,f
1707,3,1466,f
2307,4,1757,f
571,50,323,t
2308,97,1757,f
2366,3,1798,f
1706,4,1466,f
2373,4,1805,f
2374,3,1805,f
630,49,382,t
609,50,361,t
509,40,261,t
532,42,284,f
1187,50,1200,t
3086,4,2113,f
538,45,290,t
3087,3,2113,f
2020,4,1621,f
2021,3,1621,f
575,49,327,t
505,53,257,f
1925,119,432,f
2779,3,844,f
2780,4,844,f
829,42,581,t
676,48,428,t
799,47,551,t
2911,4,2016,f
2912,3,2016,f
836,47,588,t
768,47,520,t
1253,3,1259,f
815,53,567,t
699,46,451,t
3088,4,2114,f
1695,99,1458,f
3089,3,2114,f
712,45,464,t
729,42,481,f
703,50,455,t
222,24,108,f
750,48,502,t
720,47,472,t
2893,4,2009,f
698,50,450,t
751,48,503,t
754,48,506,t
679,42,431,t
786,47,538,t
739,50,491,f
2331,4,1772,f
677,50,429,t
808,40,560,t
849,50,601,t
732,42,484,t
726,42,478,t
728,50,480,t
1217,3,1224,f
760,47,512,t
1713,3,1469,f
817,47,569,t
1218,4,1224,f
761,46,513,t
793,49,545,f
1810,3,1538,f
792,42,544,f
691,48,443,t
2332,3,1772,f
753,44,505,t
701,42,453,f
779,42,531,t
716,47,468,t
749,42,501,t
757,50,509,t
2866,4,1995,f
2266,3,1744,f
207,20,142,t
2867,3,1995,f
789,41,541,t
803,42,555,f
798,47,550,t
841,42,593,t
2960,4,2035,f
2961,3,2035,f
2283,47,336,t
722,44,474,t
2928,4,2021,f
713,42,465,f
3049,4,1146,f
756,50,508,t
850,42,602,t
717,47,469,t
724,42,476,t
1200,4,1212,f
1201,3,1212,f
3050,3,1146,f
2980,4,2046,f
1224,3,1230,f
1256,3,1263,f
685,50,437,t
721,45,473,t
1250,3,1256,f
824,42,576,t
1235,3,1241,f
2981,3,2046,f
1239,3,1245,f
1243,3,1249,f
683,50,435,t
688,50,440,t
1814,4,1542,f
2858,4,1989,f
2994,4,2050,f
2995,3,2050,f
1781,3,1501,f
2188,4,1699,f
2859,3,1989,f
774,50,526,t
3010,4,2058,f
3011,3,2058,f
706,42,458,f
804,47,556,t
733,46,485,t
2796,4,1965,f
831,47,583,t
719,47,471,t
3060,4,2081,f
3061,3,2081,f
2304,4,1755,f
2711,62,1931,f
2305,3,1755,f
2712,63,1931,t
727,50,479,t
2261,4,1742,f
2262,3,1742,f
828,47,580,t
765,50,517,t
3068,3,1568,f
2797,3,1965,f
758,44,510,t
2242,4,1725,f
1731,4,1479,f
775,48,527,t
823,44,575,t
3077,151,2024,f
2243,3,1725,f
3098,4,2119,f
794,45,546,t
745,46,497,f
697,43,449,t
791,50,543,t
2830,3,1975,f
705,41,457,f
3072,3,2042,f
2351,4,1785,f
851,42,603,t
763,118,515,t
748,42,500,t
2352,3,1785,f
814,47,566,t
796,47,548,t
3099,3,2119,f
1211,3,1218,f
882,44,634,t
1193,97,1206,t
866,48,618,t
979,63,691,f
1745,3,1487,f
1775,3,1498,f
902,62,647,f
935,62,665,f
1830,3,1550,f
2781,3,1426,f
889,59,639,f
2798,4,737,f
865,48,617,t
1231,3,1237,f
1251,3,1257,f
936,63,665,t
1796,3,1509,f
260,3,25,f
2799,3,737,f
875,48,627,t
937,62,666,f
890,59,640,t
945,62,670,f
864,48,616,t
2868,4,1996,f
2294,4,1749,f
105,9,76,t
946,63,670,t
372,4,88,f
274,3,34,f
947,62,671,f
2191,3,1700,f
968,35,687,t
2295,3,1749,f
1248,3,1254,f
970,30,687,f
1244,3,1250,f
1240,3,1246,f
1236,3,1242,t
772,45,524,t
1696,3,1459,f
910,61,651,t
2218,151,730,f
1782,4,1502,f
244,90,24,f
876,48,628,f
943,62,669,f
944,63,669,t
894,60,643,f
1042,54,738,f
871,47,623,t
980,62,691,t
1188,50,1201,t
898,62,645,f
895,61,643,t
893,60,642,f
1715,3,1470,f
1202,4,1213,f
1203,3,1213,f
959,33,685,t
963,34,686,t
930,61,661,t
1182,50,1195,t
2059,3,1645,f
752,48,504,t
264,3,27,f
2832,3,1976,f
1733,3,1480,f
964,35,686,f
965,29,686,f
249,90,27,f
1212,3,1219,f
1219,63,1225,t
266,3,28,f
1783,3,1502,f
899,63,645,t
933,62,664,f
1774,4,1498,f
877,48,629,t
958,63,677,t
957,62,677,f
2869,3,1996,f
248,90,28,f
268,3,30,f
878,50,630,t
1225,3,1231,f
966,30,686,f
896,62,644,f
901,63,646,t
243,90,30,f
949,62,672,f
1735,4,1482,f
950,63,672,t
953,62,675,f
954,63,675,t
982,35,692,f
923,92,17,f
951,62,674,f
952,63,674,t
983,28,692,f
934,63,664,t
869,47,621,t
892,61,642,t
862,48,614,t
984,30,692,f
746,99,498,t
1766,3,1496,f
942,89,668,t
941,90,668,t
955,62,676,f
1736,3,1482,f
956,63,676,t
973,46,532,t
2894,46,456,t
867,50,619,t
885,4,636,f
121,21,103,t
407,4,91,f
940,89,667,t
883,4,635,f
1015,49,376,f
2306,145,738,f
1758,4,1494,f
948,63,671,t
397,18,84,f
2860,4,1991,f
455,3,214,f
2861,3,1991,f
1759,3,1494,f
1829,4,1550,f
262,3,5,f
884,3,635,f
900,62,646,f
2302,4,1754,f
924,92,37,f
2303,3,1754,f
463,23,217,f
396,24,84,f
196,33,139,f
2190,4,1700,f
873,48,625,t
2274,47,488,t
454,4,214,f
2315,4,1730,f
938,63,666,t
245,90,25,f
1078,39,410,t
1132,49,562,t
1139,9,1064,t
1119,63,887,t
1716,4,1471,f
1156,47,1169,t
666,47,418,t
709,47,461,t
1832,3,1551,f
314,3,175,f
475,39,227,t
1148,4,1160,f
1071,39,242,t
2782,4,843,f
1052,53,249,f
2834,3,1977,f
499,40,251,t
1140,46,1060,t
1847,3,1559,f
579,47,331,t
813,47,565,t
2783,3,843,f
1150,47,1163,t
486,39,238,t
826,45,578,t
981,33,692,t
1126,49,557,f
2192,4,1701,f
1802,3,1523,f
861,47,613,t
1160,47,1173,t
1115,46,545,t
1797,4,1511,f
1034,117,389,f
1064,39,252,t
1038,118,279,f
1133,49,559,f
1760,71,232,f
1138,57,1063,t
785,47,537,t
1798,3,1511,f
863,47,615,t
2246,3,1726,f
2193,3,1701,f
316,3,176,f
960,35,685,f
961,28,685,f
962,30,685,f
1152,47,1165,t
1137,57,1061,t
2316,3,1730,f
2800,4,1966,f
2120,19,1666,t
1149,47,1162,t
1088,39,226,t
1109,63,857,t
1780,4,1501,f
1122,63,890,t
153,30,123,f
818,47,570,t
1141,99,1147,t
1009,50,699,t
840,47,592,t
466,66,219,t
2275,47,450,f
872,47,624,t
859,47,611,t
1098,62,814,f
2334,3,1773,f
2345,4,1782,f
2323,4,766,f
2324,3,766,f
1060,115,457,f
1125,49,496,t
40,89,29,f
1155,47,1168,t
1811,3,1539,f
1697,3,1460,f
1144,47,1156,t
986,57,694,t
1124,57,892,t
1838,3,1554,f
1784,4,1503,f
1785,3,1503,f
1111,63,859,f
1112,63,860,t
2285,45,584,t
1117,63,875,t
1113,63,861,t
1079,39,257,t
1817,3,1540,f
537,50,289,t
476,40,228,t
1120,63,888,f
1159,47,1172,t
819,42,571,t
1816,4,1540,f
1096,62,807,f
1840,4,1556,f
300,91,56,f
304,92,55,f
1136,91,940,f
2862,4,1993,f
473,39,225,t
70,91,55,f
2219,4,1714,f
1749,3,1491,f
2220,3,1714,f
2121,23,1666,f
1734,3,1481,f
1093,63,803,t
860,47,612,t
2245,4,1726,f
1001,56,421,f
2863,3,1993,f
2333,4,1773,f
868,47,620,t
1717,3,1471,f
74,91,59,f
72,91,57,f
305,92,57,f
306,92,58,f
1110,63,858,f
1103,48,819,t
1114,57,862,t
2801,3,1966,f
495,40,247,t
1129,46,1041,t
329,4,183,f
2870,4,1997,f
297,92,59,f
702,47,454,t
591,47,343,t
1105,116,244,f
1123,63,891,t
834,47,586,t
2346,3,1782,f
1048,132,245,f
874,47,626,t
1145,47,1157,t
1153,47,1166,t
1134,45,1052,t
1118,63,886,t
1157,47,1170,t
1158,47,1171,t
646,44,398,t
471,39,223,t
852,47,604,t
1166,13,1178,t
1761,71,223,t
695,45,447,t
641,47,393,t
1165,14,1177,f
1183,50,1196,t
1267,3,1291,f
1348,58,640,f
1272,4,1294,f
1739,4,1484,f
2263,4,1743,f
1260,16,1283,t
1281,3,1160,f
1795,3,1508,f
1355,3,1333,f
1284,4,1298,f
1255,3,1262,f
1698,3,1461,f
2913,4,2017,f
985,57,693,t
1252,3,1258,f
2194,4,1702,f
870,46,622,t
1288,4,1300,f
467,67,219,f
1270,4,1293,f
1347,58,639,t
1292,4,1302,f
1794,4,1508,f
2914,3,2017,f
1213,3,1220,f
1259,60,651,f
1354,3,1332,f
210,25,141,f
1028,134,283,f
1799,3,1515,f
1815,3,1542,f
1245,3,1251,f
1353,3,1331,f
1226,3,1232,f
1356,3,1334,f
1352,3,1330,f
1241,3,1247,f
667,47,419,t
1265,3,1288,f
835,47,587,t
2195,3,1702,f
833,47,585,t
1264,3,1287,f
1263,3,1286,f
1299,3,1306,f
1262,3,1285,f
1287,3,1299,f
1842,4,1557,f
1274,4,1295,f
1275,3,1295,f
1273,3,1294,f
1285,3,1298,f
1320,3,1155,f
1283,3,1297,f
1232,3,1238,f
1357,3,91,f
1286,4,1299,f
1023,118,270,f
622,47,374,t
1268,3,1292,f
1282,3,1161,f
1266,3,1290,f
1302,62,1308,f
1170,16,1183,t
1168,16,1180,t
1325,131,226,f
1848,4,1560,f
1269,4,1292,f
582,50,334,t
1311,62,1312,f
1261,3,1284,f
1220,3,1226,f
1333,53,223,f
1271,3,1293,f
853,47,605,t
1161,47,1174,t
1296,4,1304,f
1293,3,1302,f
1308,4,1310,f
1289,3,1300,f
1297,3,1304,f
2264,3,1743,f
1249,3,1255,f
1230,3,1236,f
1338,57,1323,t
1342,57,1327,t
2276,47,416,f
694,47,446,t
1162,47,1175,t
2864,3,1994,f
468,64,220,f
1280,60,661,f
606,47,358,t
1743,3,1486,f
1314,50,1314,t
1350,4,1329,f
1294,4,1303,f
2865,4,1994,f
1295,3,1303,f
1306,4,1309,f
1307,3,1309,f
1189,50,1202,t
809,47,561,t
1337,57,1322,t
150,34,123,t
1318,3,1321,f
1163,47,1176,t
1334,39,541,f
1309,3,1310,f
158,66,126,t
1843,3,1557,f
1312,63,1312,t
1290,4,1301,f
802,47,554,t
1310,3,1311,f
1313,50,1313,t
1316,3,1320,f
1340,57,1325,t
1298,42,1305,t
1803,47,371,f
837,47,589,t
1349,58,638,t
684,47,436,t
1346,99,1328,t
821,47,573,t
1339,57,1324,t
1291,3,1301,f
2836,3,1978,f
2871,3,1997,f
1277,15,1182,f
1351,3,1329,f
1406,61,1341,t
1369,3,1341,f
1473,104,539,f
2277,47,1200,f
2838,3,1979,f
1401,3,1190,f
1753,3,1490,f
1489,110,552,t
1699,97,1462,f
1499,117,257,f
2210,142,1710,t
1445,3,1374,f
1444,4,1374,f
1453,4,1379,f
1454,3,1379,f
1495,80,583,f
1440,4,1373,f
1460,101,269,f
2223,151,739,f
2785,4,1961,f
1477,78,1164,f
2786,3,1961,f
913,20,653,t
1397,3,1189,f
1393,3,1186,f
1430,90,1368,f
1487,99,1394,t
1479,78,573,f
1380,24,1354,f
1438,4,1372,f
1449,3,1376,f
1494,49,497,t
1448,4,1376,f
1456,3,1380,f
1402,61,1346,t
1374,3,1346,f
1420,4,1363,f
1421,3,1363,f
1442,90,1370,f
1435,21,1354,f
2224,4,1716,f
1443,89,1370,f
1390,42,1357,t
1455,4,1380,f
1415,3,1360,f
394,17,84,f
2201,3,1705,f
1422,62,1363,f
1469,75,545,f
1423,63,1363,t
1399,62,1307,f
2225,3,1716,f
1412,3,682,f
1408,61,1306,t
1425,3,1365,f
1377,58,690,t
1396,3,1188,f
1451,4,1378,f
1452,3,1378,f
1360,108,276,f
1742,4,1486,f
2805,3,1968,f
1463,74,591,t
1424,3,1364,f
1789,3,1505,f
1366,99,1338,t
1450,3,1377,f
1427,4,682,f
1372,3,1344,f
1395,3,1191,f
1434,3,1371,f
1428,90,1367,f
1367,3,1339,f
1741,3,1485,f
1429,89,1367,f
1315,4,1320,f
1414,61,1359,t
1413,3,1359,f
2335,4,1775,f
1762,3,1495,f
1407,61,1340,f
1368,3,1340,f
1405,61,1342,t
1370,3,1342,f
1404,61,1343,t
1371,3,1343,f
1403,61,1345,t
1373,3,1345,f
1439,3,1372,f
1381,20,1355,t
1481,107,327,f
1410,61,1358,t
1409,3,1358,f
1363,54,709,t
1418,3,1361,f
417,4,198,f
418,3,198,f
1419,3,1362,f
1462,74,590,f
2317,4,1764,f
2318,3,1764,f
1392,3,1185,f
151,35,123,f
152,29,123,f
395,20,84,f
2249,54,729,f
1004,84,283,f
2325,4,1768,f
393,3,84,f
1394,3,1187,f
1498,115,275,f
1382,24,1355,f
2336,3,1775,f
1468,74,376,t
1752,4,1490,f
1433,89,1369,f
967,33,687,f
218,23,144,f
1496,75,557,f
2326,3,1768,f
1835,3,1092,f
1345,99,1289,t
1301,4,1307,f
1300,3,1307,f
1375,58,1154,t
1400,63,1307,t
969,28,687,f
1721,3,1473,f
805,46,557,t
1432,90,1369,f
2896,149,592,f
1376,59,1154,f
1475,77,589,f
1426,3,1366,f
2872,4,1998,f
2873,3,1998,f
1167,9,1179,t
1379,20,1354,t
1474,105,562,f
1480,78,469,f
1825,3,1547,f
1564,4,1413,f
2874,4,1999,f
1572,62,857,f
1573,4,857,f
1574,3,857,f
1575,63,859,t
1576,4,859,f
1577,3,859,f
1578,4,860,f
1579,3,860,f
1580,62,860,f
2875,3,1999,f
2787,4,914,f
2788,3,914,f
2982,4,2047,f
1504,36,1397,t
1503,33,1397,f
1505,28,1397,f
1506,31,1397,f
1501,15,1396,f
1502,16,1396,t
1547,4,670,f
1655,92,1434,f
1548,3,670,f
776,48,528,t
1510,31,1398,f
1509,28,1398,f
1508,33,1398,f
1507,36,1398,t
690,50,442,t
1514,31,1400,t
1513,28,1400,f
1512,36,1400,f
1511,33,1400,f
1634,63,1420,t
1517,33,1401,f
1518,36,1401,t
1519,28,1401,f
1520,31,1401,f
1521,33,1403,f
1522,36,1403,t
1523,28,1403,f
1524,31,1403,f
1516,31,1404,f
1515,36,1404,t
1528,28,1406,f
1527,36,1406,t
1526,31,1406,f
1525,33,1406,f
1638,30,1423,f
1639,29,1423,f
1543,4,665,f
1544,3,665,f
686,50,438,f
2226,4,1717,f
2227,3,1717,f
1536,30,1409,t
1535,35,1409,f
773,48,525,t
2897,4,2010,f
2898,3,2010,f
1596,63,1414,t
1595,62,1414,f
1194,97,1207,f
917,62,655,t
1649,47,1428,t
1594,3,1414,f
1593,4,1414,f
1555,4,674,f
1556,3,674,f
1169,16,1182,t
1545,4,669,f
1633,62,1420,f
1632,3,1420,f
1343,136,421,f
2198,4,1704,f
1642,133,224,f
1640,45,268,t
1601,4,1416,f
1617,4,1418,f
1618,3,1418,f
1619,62,1418,f
1620,63,1418,t
1602,3,1416,f
1603,62,1416,t
1604,63,1416,f
1497,71,249,f
1459,100,529,t
777,49,529,f
2930,4,2022,f
2931,3,2022,f
1610,63,1417,t
1609,62,1417,f
1608,3,1417,f
1529,34,1407,f
1530,29,1407,t
1490,81,585,f
1637,31,1422,f
2941,4,828,f
1627,4,666,f
1628,3,666,f
1635,29,1421,f
2983,3,2047,f
1631,63,1419,f
1630,3,1419,f
1629,62,1419,t
797,50,549,t
2942,3,828,f
2996,4,2051,f
2997,3,2051,f
2915,4,2018,f
1565,3,1413,f
1605,63,804,t
1537,4,1410,f
1538,3,1410,f
770,47,522,t
1701,92,1463,f
2916,3,2018,f
1624,4,1225,f
1561,4,803,f
1700,91,1463,f
1532,35,1408,f
1534,30,1408,f
2199,3,1704,f
1562,3,803,f
689,50,441,t
1549,4,671,f
1625,62,1225,f
1626,3,1225,f
1646,4,1427,f
1606,4,804,f
1641,39,515,t
2240,4,1724,f
762,48,514,t
2840,3,1980,f
1471,26,1382,f
1470,22,1382,t
1647,3,1427,f
918,63,655,f
1417,3,655,f
1550,3,671,f
1551,4,672,f
1552,3,672,f
1559,4,691,f
1553,4,675,f
1554,3,675,f
1557,4,676,f
1558,3,676,f
1546,3,669,f
1636,30,1421,f
1563,62,803,f
1658,4,1436,f
1659,3,1436,f
1050,39,250,t
1907,54,1458,f
1871,3,1574,f
525,45,277,t
1362,53,541,f
1662,92,35,f
1874,3,1577,f
2265,4,1744,f
1665,92,36,f
53,91,40,f
925,92,40,f
926,92,41,f
54,91,41,f
927,92,42,f
55,91,42,f
928,92,43,f
56,91,43,f
59,91,45,f
922,92,45,f
60,91,46,f
921,92,46,f
2933,3,2023,f
1875,4,1578,f
1876,3,1578,f
520,45,272,t
1670,3,1441,f
1898,132,252,f
2943,4,2026,f
1486,99,1393,t
707,44,459,t
546,45,298,t
1385,21,142,f
1087,53,688,t
2842,3,1981,f
1669,3,1440,f
1663,4,1438,f
1664,3,1438,f
1805,4,1536,f
1806,3,1536,f
1836,3,1553,f
1837,4,1553,f
480,53,232,f
2179,54,718,f
1834,4,1092,f
1685,3,1451,f
2789,4,1077,f
2790,3,1077,f
2024,3,1623,f
1858,3,1566,f
1682,3,1449,f
2278,47,396,t
1902,57,1326,t
1672,3,1443,f
1675,89,1445,f
795,44,547,t
2944,3,2026,f
2808,3,1282,f
1856,4,1565,f
1893,45,373,f
1740,3,1484,f
1895,99,564,f
1860,4,1568,f
1846,4,1559,f
1877,4,1579,f
1878,3,1579,f
1754,71,567,t
1676,3,1446,f
2964,4,2038,f
1888,3,1586,f
1889,3,1587,f
2965,3,2038,f
2200,4,1705,f
1826,3,1548,f
1008,79,699,f
1899,123,249,f
1855,3,1564,f
1723,3,1474,f
1051,70,223,t
1863,4,1570,f
1864,3,1570,f
1859,3,1567,f
1862,3,1569,f
1722,4,1474,f
1880,3,1581,f
1738,3,1483,f
1737,4,1483,f
1852,3,1562,f
1865,4,1571,f
1866,3,1571,f
1868,4,1572,f
1869,3,1572,f
1686,4,1452,f
1872,4,1576,f
1873,3,1576,f
1881,4,1582,f
1882,3,1582,f
1883,3,1583,f
1879,3,1580,f
2286,4,1747,f
1654,91,1434,f
208,24,142,f
1884,4,1584,f
1885,3,1584,f
1870,3,1573,f
1065,53,772,f
1683,3,1450,f
2932,4,2023,f
1890,4,1588,f
1891,3,1588,f
1892,3,1589,f
1771,71,389,f
1690,3,1453,f
1386,25,142,f
1818,4,1543,f
1903,57,564,f
542,44,294,t
1777,3,1499,f
2287,3,1747,f
603,45,355,t
668,44,420,t
1900,131,249,f
1673,3,1444,f
1819,3,1543,f
1757,71,457,f
1790,9,1506,t
602,45,354,t
846,45,598,t
540,45,292,t
827,45,579,t
1791,10,1506,f
1904,53,1328,f
1671,3,1442,f
1678,62,1448,t
1908,53,801,f
1909,53,1289,f
1677,3,1447,f
731,44,483,t
2984,4,2048,f
1776,4,1499,f
3052,3,2077,f
3073,3,2043,f
2203,3,1706,f
1488,109,475,t
1894,45,423,f
1919,86,499,f
1674,90,1445,f
778,42,530,f
1973,4,1597,f
1974,3,1597,f
1927,148,703,f
1998,3,1609,f
1021,133,270,f
2843,92,1982,f
1461,44,376,t
1801,3,1521,f
1598,63,1415,f
1711,3,1468,f
1961,3,1591,f
2008,3,1614,f
1710,4,1468,f
2010,3,1615,f
1800,4,1521,f
614,45,366,t
1143,10,1152,f
1997,142,1324,f
1142,9,1152,t
771,44,523,t
1987,149,525,f
598,44,350,t
633,44,385,t
1922,152,742,f
642,45,394,t
2945,4,2027,f
1990,139,773,f
1492,112,496,t
2946,3,2027,f
1943,42,309,f
838,47,590,t
616,45,368,t
1999,151,1327,f
2876,142,773,f
10,90,5,f
2966,4,2039,f
931,60,662,f
1988,149,1063,f
1002,102,421,f
1465,103,421,f
2985,3,2048,f
1950,42,375,f
1996,151,693,f
2998,4,2052,f
2999,3,2052,f
1953,44,359,f
1984,3,1604,f
1748,3,1489,f
1643,87,224,f
1962,3,1592,f
1914,154,738,f
1938,113,392,f
847,44,599,t
3100,4,2121,f
2253,4,1733,f
3101,3,2121,f
3026,4,2066,f
1963,3,1593,f
3027,3,2066,f
1959,43,491,t
1011,99,701,t
2016,3,1618,f
1912,53,701,f
657,45,409,t
1867,50,325,f
1688,62,1452,t
801,49,553,f
1958,44,285,f
1916,86,249,f
858,45,610,t
541,50,293,t
2011,4,1616,f
2012,3,1616,f
3062,4,2082,f
3063,3,2082,f
1991,3,1606,f
1992,3,1607,f
1983,3,1603,f
1980,3,1601,f
3069,3,1565,f
790,43,542,f
843,49,595,f
535,45,287,f
1985,3,1605,f
704,49,456,t
3090,4,2115,f
2014,3,1617,f
1689,63,1452,f
1913,57,1147,f
2202,4,1706,f
995,49,268,t
1712,4,1469,f
1978,3,1600,f
3051,4,2077,f
2810,3,1274,f
3106,4,2124,f
551,50,303,t
638,50,390,t
1970,46,390,f
1714,4,1470,f
1709,3,1467,f
3091,3,2115,f
1720,4,1473,f
1942,47,1313,t
521,45,273,t
1921,151,1325,f
2230,4,1719,f
2231,3,1719,f
1975,3,1598,f
2267,4,1745,f
2268,3,1745,f
1979,50,409,t
2003,3,1611,f
619,50,371,t
1993,153,1323,f
3107,3,2124,f
615,45,367,t
531,73,283,t
977,102,595,t
3092,4,2116,f
578,42,330,f
1341,99,1326,f
617,45,369,t
1918,151,741,f
2279,47,517,t
759,45,511,t
659,42,411,t
1466,103,553,f
1597,62,1415,t
1951,47,1201,f
2000,151,1326,f
628,45,380,t
1936,24,709,f
2023,4,1623,f
1786,11,1504,f
1787,12,1504,t
1164,13,1177,t
3001,3,2053,f
2811,4,1276,f
1788,4,1505,f
2029,4,1625,f
2030,3,1625,f
2018,3,1619,f
2033,4,1628,f
2034,3,1628,f
2075,4,1653,f
939,89,667,t
2076,3,1653,f
2131,4,1673,f
2132,3,1673,f
2844,4,1885,f
3080,4,2110,f
2040,4,1633,f
2041,3,1633,f
3081,3,2110,f
533,50,285,t
787,49,539,t
2127,4,1671,f
2043,4,1635,f
2077,4,1651,f
2057,4,1644,f
2058,3,1644,f
2078,3,1651,f
2052,4,1639,f
2079,4,1654,f
2129,4,1672,f
2130,3,1672,f
2104,46,382,f
2085,50,521,f
2204,4,1707,f
2205,3,1707,f
2039,3,1632,f
2080,3,1654,f
2053,3,1639,f
2065,4,1647,f
2232,99,1720,t
2066,3,1647,f
2067,4,1648,f
2107,149,456,t
545,50,297,t
1831,4,1551,f
3031,4,126,f
2042,3,1634,f
2045,3,1636,f
2037,3,1630,f
2038,3,1631,f
2028,3,1624,f
2031,3,1626,f
2032,3,1627,f
2019,3,1620,f
2022,3,1622,f
2812,3,1276,f
3074,3,2039,f
2046,4,1637,f
2047,3,1637,f
2899,4,932,f
2900,3,932,f
2073,4,1652,f
1804,3,1534,f
2123,4,1669,f
2102,4,1664,f
534,44,286,t
2050,4,1638,f
2051,3,1638,f
1005,49,283,f
2074,3,1652,f
569,42,321,t
2917,4,2019,f
2068,3,1648,f
2918,3,2019,f
2013,4,1617,f
2017,4,1619,f
2086,4,1656,f
2087,3,1656,f
2088,4,1657,f
2089,3,1657,f
2069,4,1649,f
2070,3,1649,f
2044,3,1635,f
2100,4,1663,f
2101,3,1663,f
2877,4,2000,f
3000,4,2053,f
2878,3,2000,f
2090,4,1658,f
2091,3,1658,f
544,42,296,t
3032,3,126,f
839,47,591,t
2094,4,1660,f
2095,3,1660,f
2098,4,1662,f
2099,3,1662,f
2096,4,1661,f
2097,3,1661,f
2026,3,755,f
2092,4,1659,f
2093,3,1659,f
1833,3,1552,f
1839,3,1555,f
888,59,638,f
1391,4,1185,f
769,44,521,t
781,50,533,t
2968,4,2040,f
446,4,210,f
2969,3,2040,f
330,3,183,f
608,50,360,t
2083,4,1655,f
2111,98,588,f
914,24,653,f
589,45,341,t
1939,46,280,f
554,42,306,t
2128,3,1671,f
576,47,328,t
1949,46,323,t
3070,3,798,f
3053,4,2078,f
3054,3,2078,f
567,50,319,f
2233,57,1720,t
2056,3,1643,f
570,46,322,t
3064,4,2083,f
2957,37,2033,t
1359,45,319,f
584,50,336,t
2025,4,755,f
2124,3,1669,f
2084,3,1655,f
2426,62,1836,t
2427,3,1836,f
2433,4,784,f
2901,4,2011,f
738,42,490,f
2147,4,1681,f
2148,3,1681,f
2397,3,1825,f
2396,3,1824,f
1687,3,1452,f
2159,4,1687,f
2160,3,1687,f
2161,4,1688,f
2162,3,1688,f
2971,3,2041,f
2165,4,1690,f
2144,3,1679,f
2902,3,2011,f
2338,3,1776,f
2337,4,1776,f
524,49,276,t
2167,138,276,f
2415,4,1832,f
2416,3,1832,f
2155,4,1685,f
2166,3,1690,f
2425,3,723,f
2343,4,1781,f
2137,4,1676,f
2138,3,1676,f
2434,3,784,f
2344,3,1781,f
2117,50,1665,t
2170,47,1665,f
2408,22,1830,t
2429,62,1837,t
2430,3,1837,f
2435,62,1839,t
2394,3,1822,f
2436,63,1839,f
2393,3,1821,f
2437,3,1839,f
1645,54,224,f
2406,42,1828,t
2934,57,2024,f
1441,3,1373,f
2172,3,1692,f
2410,22,1831,t
2347,4,1783,f
2348,3,1783,f
886,4,637,f
2141,4,1678,f
2142,3,1678,f
2251,4,1729,f
2252,3,1729,f
2145,4,1680,f
2146,3,1680,f
2149,4,1682,f
2150,3,1682,f
2153,4,1684,f
2154,3,1684,f
2157,4,1686,f
2158,3,1686,f
2163,4,1689,f
2164,3,1689,f
2895,149,567,t
2071,151,862,f
1920,143,499,f
2365,3,1797,f
2391,3,1819,f
2986,4,2049,f
2987,3,2049,f
2206,4,1708,f
2207,3,1708,f
2234,4,1721,f
2235,3,1721,f
2269,4,1746,f
2270,3,1746,f
2327,4,1770,f
2328,3,1770,f
2419,3,1834,f
2423,3,1835,f
2375,149,704,t
887,3,637,f
2420,62,1834,f
2421,63,1834,t
2353,4,1787,f
2354,3,1787,f
2356,4,1790,f
2357,3,1790,f
2845,12,541,f
2250,147,729,f
2319,4,1765,f
2320,3,1765,f
2175,4,1694,f
2367,4,1800,f
2368,3,1800,f
2369,4,1802,f
2370,3,1802,f
2358,4,1792,f
2176,3,1694,f
654,50,406,t
2168,4,1691,f
2169,3,1691,f
2359,3,1792,f
2398,42,445,f
1416,4,655,f
2171,4,1692,f
2156,3,1685,f
1718,4,1472,f
2879,4,2001,f
2880,3,2001,f
2390,3,1818,f
2364,4,1797,f
2385,4,1816,f
2407,42,1829,t
2417,3,1833,f
2418,63,1833,f
2422,62,1833,f
2386,3,1816,f
2383,4,1815,f
2384,3,1815,f
2387,4,1817,f
2339,4,1777,f
2814,3,1273,f
2151,4,1683,f
2152,3,1683,f
2143,4,1679,f
2173,4,1693,f
2388,3,1817,f
737,42,489,t
2399,42,406,t
2411,26,1831,f
2139,4,1677,f
2140,3,1677,f
2424,3,722,f
2432,3,1838,f
1719,3,1472,f
2340,3,1777,f
2379,46,1202,f
2970,4,2041,f
2558,45,482,t
1705,3,1465,f
1276,15,1183,f
3028,24,2067,f
2442,4,1842,f
2443,3,1842,f
2493,3,1860,f
2488,3,1857,f
2444,4,1843,f
2440,4,1841,f
2572,4,1886,f
2561,3,1885,f
2573,11,1886,f
3082,4,2111,f
2972,4,2042,f
2506,4,1868,f
2507,3,1868,f
2494,3,1861,f
2495,3,1862,f
2361,3,1794,f
2518,4,1874,f
2496,3,1863,f
2519,3,1874,f
2554,4,1883,f
2461,3,1850,f
2464,22,1852,t
2465,26,1852,f
2555,3,1883,f
2497,3,1864,f
3083,3,2111,f
2530,46,535,f
2988,4,745,f
2486,4,1856,f
2498,4,1865,f
2467,3,752,f
2499,3,1865,f
2500,4,1866,f
2487,3,1856,f
2508,4,1869,f
2509,3,1869,f
2510,4,1870,f
2511,3,1870,f
2542,47,1195,t
2501,3,1866,f
2491,3,1858,f
2502,4,1867,f
2503,3,1867,f
2504,14,1178,f
2524,4,1876,f
2525,3,1876,f
2989,3,745,f
2462,22,1851,t
2463,26,1851,f
2350,3,1784,f
610,45,362,t
2520,47,370,f
1437,115,381,f
2459,3,1848,f
2460,3,1849,f
2450,48,440,f
2216,4,1713,f
2217,3,1713,f
2478,62,1854,t
2479,63,1854,f
2480,3,1854,f
2570,47,630,t
2881,4,2002,f
2882,3,2002,f
2543,4,1881,f
2544,3,1881,f
2481,45,534,f
2532,47,344,t
2484,4,1855,f
2485,3,1855,f
2545,7,1881,f
2546,8,1881,f
2534,4,1879,f
2395,3,1823,f
2535,8,1879,f
2453,3,1846,f
2536,3,1879,f
2489,4,1859,f
2490,3,1859,f
2492,4,1860,f
2538,4,1880,f
3002,4,2054,f
2468,3,753,f
2539,7,1880,f
2540,3,1880,f
2512,4,1871,f
2513,3,1871,f
2541,8,1880,f
543,50,295,t
2533,47,295,t
2514,4,1872,f
2515,3,1872,f
2516,4,1873,f
2517,3,1873,f
1607,3,804,f
392,4,84,f
1569,62,858,t
1570,4,858,f
1571,3,858,f
315,4,176,f
2846,4,1983,f
2903,4,2012,f
2904,3,2012,f
2847,3,1983,f
2550,4,1882,f
2551,11,1882,f
2552,3,1882,f
2527,47,424,t
2553,11,1882,f
1029,134,499,f
2472,3,754,f
2392,3,1820,f
2951,4,2030,f
2952,3,2030,f
643,42,395,f
3003,3,2054,f
2458,3,1847,f
2559,4,1884,f
2560,3,1884,f
648,42,400,f
651,42,403,t
2564,47,455,t
2565,3,780,f
2562,3,792,f
2567,3,782,f
3055,4,2079,f
3056,3,2079,f
2441,3,1841,f
1541,62,1412,f
3065,3,2083,f
2651,3,1906,f
2816,3,1272,f
2475,62,1853,t
1540,63,1411,t
1542,63,1412,t
2547,47,404,f
588,50,340,t
2476,63,1853,f
2477,3,1853,f
2528,47,444,t
2650,3,1905,f
2254,3,1733,f
714,42,466,t
2818,3,1270,f
2578,47,352,t
2652,3,1907,f
1378,59,690,f
2601,4,1892,f
2602,3,1892,f
1446,4,1375,f
1447,3,1375,f
2135,4,1675,f
2136,3,1675,f
2848,4,1984,f
2849,3,1984,f
2582,4,1887,f
2583,3,1887,f
2590,4,1889,f
2591,3,1889,f
854,47,606,t
2574,3,1886,f
2595,43,1203,t
2593,4,1890,f
2594,3,1890,f
2575,12,1886,f
2608,4,1894,f
2653,3,1908,f
583,50,335,t
2585,4,1888,f
2609,3,1894,f
2605,4,1893,f
2606,3,1893,f
2586,3,1888,f
2883,4,2003,f
2884,3,2003,f
2587,11,1888,f
2604,44,549,t
2588,12,1888,f
1560,3,691,f
2626,47,508,t
650,50,402,t
2618,3,791,f
2619,3,1896,f
2660,4,1912,f
2661,3,1912,f
2623,3,1897,f
2624,47,387,t
2597,4,1891,f
2656,4,1910,f
2657,3,1910,f
2598,3,1891,f
2665,63,1914,t
2667,62,1914,f
181,35,135,f
182,29,135,f
183,30,135,f
2919,4,822,f
845,43,597,t
2634,3,793,f
2920,3,822,f
2936,54,1338,f
2671,81,604,f
2636,4,1902,f
2637,3,1902,f
2638,3,1903,f
1476,106,268,t
2645,3,1904,f
42,13,31,t
43,14,31,f
1091,57,802,t
2990,4,746,f
2991,3,746,f
2600,47,526,t
599,50,351,t
2639,47,351,t
563,50,315,t
2663,4,1913,f
2664,3,1913,f
2431,63,1837,f
313,4,175,f
1621,62,891,f
1622,4,891,f
1623,3,891,f
1614,3,890,f
1615,62,890,f
1616,4,890,f
1611,4,888,f
1612,3,888,f
1613,62,888,t
1590,4,887,f
1591,62,887,f
1592,3,887,f
1587,4,886,f
1588,62,886,f
1589,3,886,f
3004,4,2055,f
1584,4,875,f
1585,62,875,f
1586,3,875,f
1581,62,861,f
1582,4,861,f
1583,3,861,f
1539,62,1411,f
2668,62,1915,f
2669,63,1915,t
897,63,644,t
766,50,518,t
903,63,647,t
1566,62,1413,t
1567,63,1413,f
634,50,386,t
3005,3,2055,f
3018,4,2062,f
2614,47,1198,t
3019,3,2062,f
811,47,563,t
2672,50,1174,f
1960,44,536,f
784,50,536,t
783,50,535,t
1986,149,892,f
2610,4,1895,f
652,50,404,t
2615,46,383,t
2617,47,384,t
855,50,607,t
2613,45,437,t
2654,4,1909,f
2655,3,1909,f
2607,46,402,t
2670,40,237,t
2620,45,386,t
501,40,253,t
2596,47,1314,t
2622,47,435,t
909,63,650,f
601,50,353,t
2563,45,353,t
639,50,391,t
2648,47,391,t
2640,47,462,t
2523,45,356,t
2646,47,378,t
631,50,383,t
2589,47,452,t
2611,3,1895,f
2662,50,634,t
2649,47,594,t
597,50,349,t
2576,47,349,t
2647,3,1071,f
2643,47,543,t
2122,45,407,t
800,49,552,t
2603,45,433,t
681,50,433,t
2577,43,518,t
2380,47,335,f
2580,47,361,t
735,50,487,t
2548,47,346,t
491,40,243,t
2405,42,729,f
2105,50,281,t
529,44,281,f
587,50,339,t
2452,48,442,t
2676,4,1918,f
2677,3,1918,f
2537,47,619,f
2113,99,588,f
2642,47,607,t
2571,47,1197,t
590,50,342,t
2531,45,342,t
2698,99,1062,t
605,50,357,t
2482,44,357,f
2679,3,1919,f
2704,4,1929,f
2706,4,1930,f
656,42,408,t
1022,44,270,f
2680,3,1920,f
2674,4,1917,f
577,50,329,t
2282,47,329,t
2682,3,1921,f
2675,3,1917,f
662,42,414,t
644,50,396,t
822,47,574,t
2695,4,1927,f
581,45,333,t
1910,54,1394,t
682,50,434,t
2400,42,434,t
585,50,337,t
2382,47,337,t
550,50,302,t
1947,45,302,t
640,49,392,t
2686,46,392,f
2696,3,1927,f
665,42,417,t
1059,39,457,t
2688,3,1923,f
2683,3,1922,f
2689,3,1924,f
2526,45,289,t
2714,4,809,f
2690,4,1925,f
2691,3,1925,f
487,40,239,t
1989,147,694,t
741,50,493,f
2568,45,493,f
1948,45,320,t
2707,5,1930,f
2713,4,1932,f
2722,4,1933,f
2483,47,340,t
2723,3,1933,f
2702,4,1928,f
1901,99,700,t
1911,53,700,t
2703,113,419,f
2447,48,429,t
700,50,452,t
2724,11,1933,f
2728,4,1934,f
2729,3,1934,f
806,47,558,t
715,42,467,t
842,50,594,t
2725,12,1933,f
2211,57,1710,t
273,4,34,f
1679,63,1448,t
2850,4,1985,f
2451,48,441,f
2569,47,1196,t
2692,149,436,f
743,45,495,t
2715,3,809,f
692,50,444,t
2716,4,810,f
2717,3,810,f
832,50,584,t
2719,3,811,f
2720,3,812,f
2721,3,813,f
2446,48,1204,f
844,45,596,t
2727,50,282,f
671,50,423,t
825,42,577,t
2851,3,1985,f
1186,50,1199,t
2579,45,1199,t
674,50,426,t
2635,47,426,t
2730,50,343,t
1493,112,497,f
552,42,304,t
1941,44,278,t
2731,145,1061,f
670,53,422,t
2732,42,422,t
511,39,263,t
725,47,477,t
710,50,462,t
1020,115,224,f
736,50,488,t
747,42,499,f
2402,119,499,f
2678,119,249,f
2700,54,1062,f
1061,53,457,f
1062,131,457,f
1773,71,275,f
489,39,241,f
565,42,317,t
1128,44,365,f
2466,44,360,t
2592,47,363,t
2376,54,704,t
1358,49,332,f
1897,54,1590,t
2693,57,436,f
2694,99,436,f
1896,151,1590,f
1389,47,1356,t
812,47,564,t
1058,116,567,t
1057,39,567,t
2177,149,718,f
2885,4,2004,f
2886,3,2004,f
2905,4,2013,f
2906,3,2013,f
2820,3,1970,f
2178,85,718,f
764,44,516,t
1680,4,1448,f
1151,47,1164,t
2921,54,719,f
2709,4,1931,f
680,54,432,t
2710,3,1931,f
479,40,231,f
1926,146,432,f
908,62,650,t
1303,63,1308,t
744,46,496,t
2072,99,1650,t
2081,57,1650,f
2549,39,345,t
1007,49,475,t
2449,48,438,f
2280,47,339,f
555,42,307,t
526,50,278,t
612,50,364,t
2381,47,364,t
1304,4,1308,f
1305,3,1308,f
1917,86,224,f
816,50,568,f
2566,45,568,f
755,48,507,t
573,45,325,t
2106,116,236,f
2244,142,802,f
2048,151,802,f
1952,46,303,f
2584,47,479,t
549,45,301,t
477,39,229,t
708,42,460,t
636,50,388,t
2633,45,388,t
718,42,470,f
2734,47,509,f
522,45,274,t
740,50,492,t
2473,45,480,f
2658,50,597,f
519,50,271,t
2625,45,271,t
856,50,608,t
500,53,252,f
2409,26,1830,f
1006,56,283,f
1915,126,283,f
517,49,269,f
975,76,477,f
2454,70,1845,f
2455,71,1845,f
2457,83,1845,f
2469,82,1845,f
2470,39,1845,f
2471,53,1845,f
2735,118,1845,f
2736,117,1845,f
1033,44,389,t
1081,131,232,f
1082,39,232,t
1765,71,244,f
2110,47,533,t
767,45,519,t
2737,13,1844,t
209,21,141,f
2738,4,894,f
2739,3,894,f
2740,4,992,f
2741,3,992,f
1130,44,1042,t
2744,4,1936,f
2745,3,1936,f
3095,3,2117,f
782,50,534,t
3112,4,897,f
3113,3,897,f
3030,4,2067,f
2027,153,1322,f
2746,4,1937,f
2747,3,1937,f
2599,47,487,t
2273,47,372,t
2751,3,1940,f
2752,3,1941,f
3114,4,2137,f
2753,3,1942,f
2754,3,1943,f
2659,42,1911,f
2756,3,1945,f
3115,3,2137,f
2757,3,751,f
2758,3,911,f
2759,3,1946,f
2760,3,1947,f
2762,3,748,f
2761,3,1948,f
2763,3,1951,f
2766,4,1953,f
2767,3,1953,f
2770,3,1954,f
2771,4,1955,f
2772,3,1955,f
3116,4,2138,f
678,50,430,t
2448,48,430,f
2378,149,740,t
2377,54,740,t
2887,4,2005,f
2888,3,2005,f
3117,3,2138,f
2445,3,1843,f
3057,50,556,f
2764,4,1952,f
2765,3,1952,f
3066,42,2084,t
2742,4,1935,f
2743,3,1935,f
3071,3,1275,f
2907,4,2014,f
2908,3,2014,f
1056,41,567,t
2852,4,1986,f
2922,4,824,f
2923,3,824,f
1431,89,1368,f
2853,3,1986,f
1644,71,224,f
788,42,540,f
2976,4,2044,f
2977,3,2044,f
2992,4,747,f
2993,3,747,f
2768,4,744,f
2769,3,744,f
3006,4,2056,f
3007,3,2056,f
3075,3,2085,f
932,61,662,t
3128,4,2148,f
3129,3,2148,f
3102,4,2122,f
3103,3,2122,f
3108,4,2125,f
3109,3,2125,f
3084,4,2112,f
3085,3,2112,f
3093,3,2116,f
3094,4,2117,f
3118,4,2141,f
3119,3,2141,f
3120,4,2143,f
3121,3,2143,f
3126,4,2147,f
3127,3,2147,f
3124,4,2146,f
3125,3,2146,f
2289,54,743,f
972,42,498,f
3130,50,537,t
92,12,68,f
3133,50,611,t
294,8,166,t
711,47,463,t
3134,50,463,t
1809,4,1538,f
1708,4,1467,f
3137,50,574,t
3138,4,2151,f
3139,3,2151,f
3135,4,2150,f
3136,3,2150,f
2103,3,1664,f
3140,4,841,f
3141,3,841,f
3142,4,840,f
3143,3,840,f
3144,4,839,f
3145,3,839,f
3146,4,838,f
3147,3,838,f
3148,4,836,f
3149,3,836,f
3150,4,833,f
3151,3,833,f
730,50,482,t
696,50,448,t
515,50,267,t
3122,4,2145,f
3123,3,2145,f
3029,3,2067,f
3152,4,2153,f
3153,3,2153,f
3154,4,2154,f
3155,3,2154,f
3156,4,2155,f
3157,3,2155,f
3158,4,2156,f
3159,3,2156,f
3160,4,2161,f
3161,3,2161,f
3162,4,2162,f
3163,3,2162,f
3164,4,2163,f
3165,3,2163,f
3256,3,2291,f
3257,4,2291,f
3166,90,2168,t
3167,89,2168,f
2929,3,2021,f
3168,4,2169,f
3169,3,2169,f
3209,4,2241,f
3210,3,2241,f
3211,4,2245,f
2529,45,267,t
3212,3,2245,f
3299,4,2315,f
3216,3,2009,f
3217,4,2268,f
3218,3,2268,f
163,67,128,f
3215,3,2008,f
3172,90,2177,f
3173,89,2177,f
3219,4,2269,f
3174,4,2187,f
3175,3,2187,f
3220,3,2269,f
3176,4,2189,f
3177,3,2189,f
3221,4,2270,f
3222,3,2270,f
3180,4,2195,f
3181,3,2195,f
3182,4,2197,f
3183,3,2197,f
3223,4,2271,f
3184,4,2198,f
3185,3,2198,f
3186,4,2199,f
3187,3,2199,f
3188,4,2201,f
3189,3,2201,f
3190,4,2205,f
3191,3,2205,f
3192,4,2207,f
3193,3,2207,f
3224,3,2271,f
3194,4,2208,f
3195,3,2208,f
3225,4,2272,f
3226,3,2272,f
3227,3,2273,f
3228,4,2273,f
3258,4,2292,f
3259,3,2292,f
3274,4,2304,f
3199,3,2213,f
3200,3,2214,f
3275,3,2304,f
3260,4,2293,f
3261,3,2293,f
3203,4,2237,f
3204,3,2237,f
3207,4,2240,f
3208,3,2240,f
3201,4,2239,f
3202,3,2239,f
2189,3,1699,f
3205,4,2238,f
3206,3,2238,f
3281,3,2308,f
3229,4,2274,f
3230,3,2274,f
3233,4,2278,f
3234,3,2278,f
3235,4,895,f
3236,3,895,f
3237,4,2280,f
3238,3,2280,f
3239,3,1114,f
3262,4,2294,f
3263,3,2294,f
3240,4,2283,f
3241,3,2283,f
3242,3,2285,f
3243,4,2285,f
3244,4,706,f
3245,3,706,f
3246,4,2286,f
3247,3,2286,f
3250,4,2288,f
3251,3,2288,f
3264,4,2295,f
3265,3,2295,f
3252,4,2289,f
3253,3,2289,f
3254,4,2290,f
3255,3,2290,f
3266,4,2296,f
3267,3,2296,f
3231,4,2276,f
3232,3,2276,f
3268,4,2297,f
3269,3,2297,f
3270,4,924,f
3271,3,924,f
3272,4,2303,f
3273,3,2303,f
3282,4,2309,f
3302,4,2316,f
3303,3,2316,f
3278,4,2307,f
3279,3,2307,f
3280,4,2308,f
3283,3,2309,f
3284,4,2310,f
3285,3,2310,f
3286,4,2311,f
3287,3,2311,f
3288,4,2312,f
3289,3,2312,f
3290,4,898,f
3291,3,898,f
3292,4,2313,f
3293,3,2313,f
3294,4,2314,f
3295,3,2314,f
3197,4,2212,f
3198,3,2212,f
3276,4,2305,f
3277,3,2305,f
3300,4,1990,f
3248,4,705,f
3249,3,705,f
3301,3,1990,f
3304,4,901,f
3305,3,901,f
3321,47,2329,t
3306,4,2317,f
3307,3,2317,f
3310,42,2324,f
3313,4,2325,f
3314,3,2325,f
3392,4,2385,f
3393,3,2385,f
3317,47,334,t
3170,4,2175,f
3171,3,2175,f
3319,4,195,f
3320,3,195,f
1599,3,1415,f
1600,4,1415,f
129,35,111,f
130,28,111,f
3394,4,2386,f
3395,3,2386,f
3340,3,2359,f
3335,4,2358,f
3391,3,2384,f
3396,4,2388,f
3397,3,2388,f
3398,4,2389,f
3399,3,2389,f
3331,47,2355,t
3336,3,2358,f
3337,90,2358,f
3400,4,2390,f
3401,3,2390,f
3402,4,2391,f
3308,4,2318,f
3309,3,2318,f
3403,3,2391,f
3328,4,2333,f
3329,69,2333,f
3369,91,2373,f
3370,92,2373,f
3334,50,610,t
3380,62,2378,f
3377,63,2377,t
3417,66,2346,f
3410,4,2395,f
3411,3,2395,f
3378,62,2377,f
3330,45,2345,t
3379,63,2378,t
3341,4,2360,f
3342,3,2360,f
3404,4,2392,f
3405,3,2392,f
3406,4,2393,f
3407,3,2393,f
3361,47,2370,t
3362,49,2370,t
3363,47,2371,t
3364,50,328,t
3318,47,2328,t
3373,4,2375,f
3374,3,2375,f
3375,4,2376,f
3376,3,2376,f
3408,4,2394,f
3409,3,2394,f
3338,4,2359,f
3339,90,2359,f
3424,4,2409,f
3425,3,2409,f
3371,91,2374,f
3372,92,2374,f
3381,4,2379,f
3382,3,2379,f
3383,4,2380,f
3384,3,2380,f
3412,4,2404,f
3413,3,2404,f
3387,4,2382,f
3388,3,2382,f
3385,4,2381,f
3386,3,2381,f
3389,4,2383,f
3390,3,2383,f
3414,66,2347,f
3426,4,2410,f
3427,3,2410,f
3418,4,2406,f
3419,3,2406,f
3428,4,2411,f
3420,4,2407,f
3421,3,2407,f
3415,4,2405,f
3416,3,2405,f
3422,4,2408,f
3423,3,2408,f
3429,3,2411,f
3430,4,2412,f
3431,3,2412,f
3432,4,2413,f
3433,3,2413,f
3434,4,2414,f
3435,3,2414,f
3436,4,2415,f
3437,3,2415,f
3438,4,928,f
3439,3,928,f
3440,4,2416,f
3441,3,2416,f
3442,4,2417,f
3443,3,2417,f
3444,4,2418,f
3445,3,2418,f
3446,4,1030,f
3447,3,1030,f
3448,4,2420,f
3449,3,2420,f
3450,4,1032,f
3451,3,1032,f
3452,4,1031,f
3453,3,1031,f
3454,3,2422,f
3455,4,2422,f
3456,4,1029,f
3457,3,1029,f
3458,3,1099,f
3459,4,2426,f
3460,3,2426,f
3566,4,728,f
3567,3,728,f
3568,4,726,f
3569,3,726,f
3467,4,2445,f
3468,3,2445,f
3469,4,2446,f
3470,3,2446,f
3473,4,2448,f
3474,3,2448,f
3475,4,2449,f
3476,3,2449,f
3477,4,2450,f
3478,3,2450,f
3479,4,2451,f
3480,3,2451,f
3481,50,446,f
3570,4,727,f
3571,3,727,f
3529,4,2578,f
3484,4,2469,f
3485,3,2469,f
3486,4,2470,f
3487,3,2470,f
3488,4,976,f
3489,3,976,f
3490,4,977,f
3491,3,977,f
3530,3,2578,f
3531,4,2579,f
3532,3,2579,f
3367,91,2372,f
3594,4,872,f
3595,3,872,f
3535,4,945,f
3536,3,945,f
3537,4,2581,f
3538,3,2581,f
3596,4,873,f
3597,3,873,f
3368,92,2372,f
3482,43,2459,t
3483,47,2460,t
3498,44,2574,t
3499,4,979,f
3500,3,979,f
3501,49,469,f
3502,49,1164,f
3504,4,978,f
3505,3,978,f
3539,4,2582,f
3503,47,2575,t
3540,3,2582,f
3492,4,2491,f
3493,3,2491,f
3541,4,2583,f
3542,3,2583,f
3588,4,2600,f
3589,3,2600,f
3543,4,2584,f
3544,3,2584,f
3533,4,2580,f
3507,47,2577,t
3508,78,2577,f
3534,3,2580,f
3463,4,2443,f
3464,3,2443,f
3465,4,2444,f
3509,150,224,f
3510,38,498,t
3598,4,1088,f
3599,3,1088,f
3515,4,1038,f
3516,3,1038,f
3513,4,1039,f
3514,3,1039,f
3511,4,1040,f
3512,3,1040,f
3517,4,1046,f
3518,3,1046,f
3519,4,1045,f
3520,3,1045,f
3521,4,1043,f
3522,3,1043,f
3523,4,1044,f
3524,3,1044,f
3525,4,1047,f
3526,3,1047,f
3527,4,903,f
3528,3,903,f
3466,3,2444,f
3545,4,707,f
3546,3,707,f
3547,4,2588,f
3548,3,2588,f
3549,4,708,f
3550,3,708,f
3551,4,899,f
3552,3,899,f
3555,4,926,f
3556,3,926,f
3553,4,925,f
3554,3,925,f
3461,35,2442,f
3462,30,2442,f
3574,4,2594,f
3575,3,2594,f
3559,4,2590,f
3560,3,2590,f
3557,4,2589,f
3558,3,2589,f
3576,4,2595,f
3577,3,2595,f
3578,4,867,f
3579,3,867,f
3322,4,2330,t
3323,3,2330,t
3563,47,2592,t
3564,4,929,f
3565,3,929,f
3580,4,2596,f
3581,3,2596,f
3582,4,2597,f
3583,3,2597,f
3584,4,868,f
3585,3,868,f
3586,4,869,f
3587,3,869,f
3600,4,1089,f
3601,3,1089,f
3610,4,1129,f
3611,3,1129,f
3572,4,2593,f
3573,3,2593,f
3590,4,870,f
3591,3,870,f
3592,4,871,f
3593,3,871,f
3604,4,1087,f
3605,3,1087,f
3602,4,1090,f
3603,3,1090,f
3606,4,1128,f
3607,3,1128,f
3608,4,1130,f
3609,3,1130,f
3612,4,1091,f
3613,3,1091,f
3614,4,1093,f
3615,3,1093,f
3616,3,1094,f
3617,4,1094,f
3618,4,1095,f
3619,3,1095,f
3620,4,1096,f
3621,3,1096,f
3622,4,1097,f
3623,3,1097,f
3624,4,2106,f
3625,3,2106,f
3626,4,2103,f
3627,3,2103,f
3628,4,2104,f
3629,3,2104,f
3630,4,1108,f
3494,90,2495,f
3495,89,2495,f
3631,3,1108,f
3632,4,1109,f
3633,3,1109,f
3634,4,1110,f
3635,3,1110,f
3636,4,1111,f
3637,3,1111,f
3638,4,1112,f
3639,3,1112,f
3640,4,1113,f
3641,3,1113,f
3561,4,2591,f
3562,3,2591,f
3642,4,1120,f
3643,3,1120,f
3644,4,1122,f
3645,3,1122,f
3648,4,774,f
3649,3,774,f
3646,4,2602,f
3647,3,2602,f
3650,4,775,f
3651,3,775,f
3652,4,776,f
3653,3,776,f
3654,66,2359,f
3655,67,2359,f
3656,66,2358,f
3657,67,2358,f
3658,4,1072,f
3659,3,1072,f
3660,4,1073,f
3661,3,1073,f
3662,4,1074,f
3663,3,1074,f
242,90,29,f
3664,4,1103,f
3665,3,1103,f
3666,49,589,f
3667,49,585,f
3668,49,583,f
3669,4,1992,f
3670,3,1992,f
384,4,99,f
385,3,99,f
3671,63,2603,t
3672,62,2603,f
3673,4,2603,f
3674,3,2603,f
3693,4,2618,f
3694,3,2618,f
3695,4,2617,f
3696,3,2617,f
3697,4,2357,f
3698,3,2357,f
3699,46,2619,t
3700,50,1165,t
3701,50,471,t
3702,50,586,t
3703,50,374,t
3704,50,1428,t
3705,50,548,t
3706,50,1173,t
3707,50,520,t
2927,3,2020,f
